anon_polygon_id,date,primary_ndvi_pred
AOI-0005,2010-05-02,0.2713478208
AOI-0005,2010-07-28,0.2324852198
AOI-0005,2010-08-05,0.2010415792
AOI-0005,2010-08-29,0.2591156065
AOI-0005,2010-08-30,0.2566455007
AOI-0005,2010-09-06,0.2393548340
AOI-0005,2011-04-02,0.4135105610
AOI-0005,2011-06-06,0.7580651045
AOI-0005,2011-06-26,0.5197201967
AOI-0005,2011-09-02,0.4595874548
AOI-0005,2012-04-04,0.2511153817
AOI-0005,2012-04-29,0.6188990474
AOI-0005,2012-05-06,0.6771695018
AOI-0005,2012-05-31,0.7989420295
AOI-0005,2012-08-10,0.2263228744
AOI-0005,2012-08-12,0.2187892050
AOI-0005,2013-06-26,0.3208300471
AOI-0005,2013-07-12,0.3034892380
AOI-0005,2013-08-21,0.4590128958
AOI-0005,2013-08-29,0.4815467596
AOI-0005,2014-04-18,0.5525180101
AOI-0005,2014-04-27,0.7097657323
AOI-0005,2014-05-04,0.7170387506
AOI-0005,2014-05-09,0.7222337127
AOI-0005,2014-06-10,0.6960394382
AOI-0005,2014-07-28,0.5018494129
AOI-0005,2014-10-03,0.2942074537
AOI-0005,2015-05-23,0.7600191236
AOI-0005,2015-06-10,0.7950110435
AOI-0005,2015-10-06,0.3197317123
AOI-0005,2016-04-22,0.5206865072
AOI-0005,2016-05-08,0.6830363870
AOI-0005,2016-09-13,0.3468488455
AOI-0005,2017-04-11,0.3470832705
AOI-0005,2017-04-23,0.3530201316
AOI-0005,2017-04-26,0.3718641698
AOI-0005,2017-07-23,0.4948382378
AOI-0005,2017-09-25,0.5111105442
AOI-0005,2017-10-04,0.4782243669
AOI-0005,2018-05-01,0.5866840482
AOI-0005,2018-05-16,0.6824146509
AOI-0005,2018-06-01,0.6681820750
AOI-0005,2018-07-10,0.4418261945
AOI-0005,2018-08-27,0.4014140964
AOI-0005,2018-09-30,0.3422839940
AOI-0005,2019-04-26,0.7304098606
AOI-0005,2019-05-11,0.8048714399
AOI-0005,2019-05-18,0.7945491076
AOI-0005,2019-05-21,0.7986880541
AOI-0005,2019-06-11,0.7316305637
AOI-0005,2019-06-25,0.5195012093
AOI-0005,2019-07-12,0.4409389794
AOI-0005,2019-08-23,0.4473544955
AOI-0005,2019-08-24,0.4420515001
AOI-0005,2019-09-03,0.3623765409
AOI-0005,2019-09-07,0.3615252078
AOI-0005,2019-09-08,0.3613123596
AOI-0005,2019-09-15,0.2690501213
AOI-0005,2020-04-22,0.3276635110
AOI-0005,2020-05-08,0.5605854392
AOI-0005,2020-08-16,0.4755132198
AOI-0005,2020-08-23,0.4291833043
AOI-0005,2020-08-24,0.4194052219
AOI-0005,2020-09-02,0.3680632412
AOI-0005,2020-09-17,0.3343580663
AOI-0005,2020-09-29,0.2606768310
AOI-0005,2021-04-21,0.4873123467
AOI-0005,2021-07-12,0.5081112981
AOI-0005,2021-08-29,0.3789121807
AOI-0005,2021-09-04,0.2498279214
AOI-0005,2021-09-30,0.3566775322
AOI-0005,2021-10-14,0.3359686732
AOI-0005,2022-05-09,0.7195054293
AOI-0005,2022-05-30,0.7974670529
AOI-0005,2022-07-19,0.4802027047
AOI-0005,2022-07-21,0.4640023708
AOI-0005,2022-07-28,0.4438163638
AOI-0005,2022-08-03,0.4928273261
AOI-0005,2022-08-14,0.4854464531
AOI-0005,2022-08-28,0.4095830917
AOI-0005,2022-10-01,0.3821982443
AOI-0005,2023-07-14,0.5297921300
AOI-0005,2023-07-29,0.5562603474
AOI-0005,2023-08-08,0.5253412127
AOI-0005,2023-08-29,0.4243678153
AOI-0005,2023-09-12,0.3699113131
AOI-0005,2023-09-14,0.3740428984
AOI-0005,2023-09-26,0.3357497454
AOI-0005,2023-10-17,0.2484273016
AOI-0005,2024-05-31,0.6622599363
AOI-0005,2024-06-03,0.6500906348
AOI-0005,2024-07-28,0.4301759303
AOI-0005,2024-08-22,0.3607882559
AOI-0005,2024-08-28,0.3262669444
AOI-0005,2024-09-16,0.3547427058
AOI-0006,2010-04-15,0.5142289400
AOI-0006,2010-05-09,0.7545069456
AOI-0006,2010-07-13,0.2797791958
AOI-0006,2010-07-28,0.2326592952
AOI-0006,2010-07-29,0.2254673094
AOI-0006,2010-08-05,0.1751234084
AOI-0006,2011-04-02,0.2516321838
AOI-0006,2011-04-19,0.2061331570
AOI-0006,2011-05-21,0.4170644283
AOI-0006,2011-07-16,0.7416960597
AOI-0006,2011-08-08,0.4829292893
AOI-0006,2011-08-09,0.4720864296
AOI-0006,2011-10-16,0.1839321405
AOI-0006,2012-04-22,0.7262719274
AOI-0006,2012-06-09,0.5838475227
AOI-0006,2012-10-15,0.1861221641
AOI-0006,2013-07-21,0.7329281569
AOI-0006,2013-08-21,0.3699042201
AOI-0006,2013-10-24,0.2253707498
AOI-0006,2014-04-07,0.5741489530
AOI-0006,2014-06-13,0.3771701753
AOI-0006,2014-06-26,0.2832165956
AOI-0006,2014-07-31,0.2163533419
AOI-0006,2014-08-29,0.1922043413
AOI-0006,2015-06-09,0.8366726041
AOI-0006,2015-07-26,0.3378662169
AOI-0006,2015-08-03,0.3236454427
AOI-0006,2015-08-11,0.3194964826
AOI-0006,2015-08-12,0.3189778626
AOI-0006,2015-10-16,0.1699352562
AOI-0006,2016-04-22,0.4589863420
AOI-0006,2016-04-23,0.4750992358
AOI-0006,2016-05-08,0.3457019925
AOI-0006,2017-04-23,0.1903088391
AOI-0006,2017-05-09,0.2492604107
AOI-0006,2017-07-25,0.7464831471
AOI-0006,2017-09-01,0.2444117367
AOI-0006,2017-09-14,0.2265945822
AOI-0006,2017-10-04,0.2216077447
AOI-0006,2018-06-08,0.5450701118
AOI-0006,2018-08-13,0.5362754464
AOI-0006,2018-09-20,0.2432332337
AOI-0006,2018-10-16,0.1951394379
AOI-0006,2019-04-21,0.7075200081
AOI-0006,2019-04-23,0.7431733608
AOI-0006,2019-05-21,0.8862048984
AOI-0006,2019-06-27,0.2893826365
AOI-0006,2019-08-22,0.1691258550
AOI-0006,2019-09-03,0.1794205457
AOI-0006,2020-04-06,0.1819377840
AOI-0006,2020-04-30,0.2337329686
AOI-0006,2020-05-20,0.4642909765
AOI-0006,2020-06-05,0.5480096936
AOI-0006,2020-08-03,0.4187992811
AOI-0006,2020-09-01,0.3434187472
AOI-0006,2021-04-06,0.3948901296
AOI-0006,2021-05-20,0.8717589378
AOI-0006,2021-06-16,0.8386711478
AOI-0006,2021-08-29,0.1483538151
AOI-0006,2021-10-02,0.2891816199
AOI-0006,2022-04-24,0.8336257339
AOI-0006,2022-06-10,0.8007390499
AOI-0006,2022-08-23,0.2011901587
AOI-0006,2022-09-17,0.2410599440
AOI-0006,2022-09-30,0.2248738259
AOI-0006,2022-10-02,0.2150017321
AOI-0006,2022-10-12,0.1749238521
AOI-0006,2023-04-10,0.4451366961
AOI-0006,2023-04-23,0.3713218570
AOI-0006,2023-05-06,0.3262405694
AOI-0006,2023-05-13,0.3443055451
AOI-0006,2023-06-10,0.4221808314
AOI-0006,2023-06-15,0.5486159921
AOI-0006,2023-07-16,0.6136677265
AOI-0006,2023-08-28,0.4653547704
AOI-0006,2023-09-02,0.3833756149
AOI-0006,2023-09-14,0.3663395047
AOI-0006,2023-09-18,0.3873708844
AOI-0006,2023-09-26,0.2615735531
AOI-0006,2023-10-02,0.2660698891
AOI-0006,2023-10-16,0.1723996699
AOI-0006,2023-10-17,0.1670379639
AOI-0006,2024-06-03,0.7193503976
AOI-0006,2024-06-24,0.3037774861
AOI-0006,2024-07-03,0.2815737426
AOI-0006,2024-07-13,0.2755832970
AOI-0006,2024-09-28,0.2090795636
AOI-0006,2024-10-06,0.1472977251
AOI-0006,2024-10-26,0.2221180201
AOI-0009,2010-04-07,0.4884510636
AOI-0009,2010-05-18,0.7037817836
AOI-0009,2010-06-10,0.4031497538
AOI-0009,2010-09-14,0.1966046244
AOI-0009,2010-09-30,0.1593560278
AOI-0009,2011-05-25,0.3295111358
AOI-0009,2011-07-12,0.7175751328
AOI-0009,2011-07-28,0.6226870418
AOI-0009,2011-08-17,0.4010898769
AOI-0009,2011-09-10,0.3241515160
AOI-0009,2012-04-29,0.6796508431
AOI-0009,2012-05-08,0.6833643317
AOI-0009,2012-08-12,0.2247513533
AOI-0009,2012-08-28,0.3258650303
AOI-0009,2012-09-29,0.1834638119
AOI-0009,2012-10-06,0.2263785154
AOI-0009,2013-04-07,0.2027462125
AOI-0009,2013-07-21,0.5309644938
AOI-0009,2013-08-13,0.3639757633
AOI-0009,2013-09-14,0.2401150912
AOI-0009,2014-04-07,0.7907634974
AOI-0009,2014-04-27,0.8096305132
AOI-0009,2014-05-29,0.7704192996
AOI-0009,2014-06-10,0.6833608150
AOI-0009,2014-06-22,0.4442373514
AOI-0009,2014-08-01,0.2533571124
AOI-0009,2014-08-09,0.2505045533
AOI-0009,2014-08-17,0.2089177966
AOI-0009,2014-08-29,0.1662678570
AOI-0009,2015-04-14,0.4895389974
AOI-0009,2015-05-24,0.7429459095
AOI-0009,2015-06-26,0.4148470163
AOI-0009,2015-10-07,0.2765963376
AOI-0009,2016-05-02,0.6195368767
AOI-0009,2016-06-25,0.4490581751
AOI-0009,2016-07-05,0.4435522258
AOI-0009,2016-07-13,0.5161851645
AOI-0009,2016-10-25,0.2149300277
AOI-0009,2017-04-01,0.2698847651
AOI-0009,2017-04-23,0.5097783208
AOI-0009,2017-05-21,0.8124982119
AOI-0009,2017-07-12,0.2824566364
AOI-0009,2017-07-24,0.1692758948
AOI-0009,2017-08-09,0.1962419450
AOI-0009,2017-08-11,0.2293918729
AOI-0009,2017-08-14,0.2321992517
AOI-0009,2017-08-29,0.1660709977
AOI-0009,2017-09-05,0.1627032310
AOI-0009,2017-09-13,0.2375141531
AOI-0009,2017-09-15,0.2384825051
AOI-0009,2018-04-14,0.4222519994
AOI-0009,2018-04-23,0.5368521810
AOI-0009,2018-07-12,0.2727553248
AOI-0009,2018-09-29,0.1598909646
AOI-0009,2018-09-30,0.1611325443
AOI-0009,2018-10-13,0.1937501580
AOI-0009,2019-04-01,0.1786217541
AOI-0009,2019-04-25,0.2420948595
AOI-0009,2019-05-09,0.3597868383
AOI-0009,2019-05-18,0.4873820841
AOI-0009,2019-05-28,0.7497273684
AOI-0009,2019-06-28,0.2159515023
AOI-0009,2019-08-07,0.2351262420
AOI-0009,2019-08-21,0.1778706759
AOI-0009,2019-08-26,0.1600258946
AOI-0009,2019-08-31,0.1745827198
AOI-0009,2019-10-15,0.3482562900
AOI-0009,2020-05-13,0.7864912152
AOI-0009,2020-05-15,0.7626458406
AOI-0009,2020-05-24,0.7496920824
AOI-0009,2020-05-27,0.7602463961
AOI-0009,2020-05-29,0.7672826052
AOI-0009,2020-06-06,0.6525745988
AOI-0009,2020-06-11,0.6364127398
AOI-0009,2020-06-29,0.2054802924
AOI-0009,2020-07-06,0.1557147056
AOI-0009,2020-07-24,0.1431709528
AOI-0009,2020-07-27,0.1413710564
AOI-0009,2020-08-03,0.1507145464
AOI-0009,2020-08-12,0.1195748374
AOI-0009,2020-08-15,0.0813552514
AOI-0009,2020-08-17,0.0558755212
AOI-0009,2020-08-28,0.1618983001
AOI-0009,2020-09-02,0.1527829915
AOI-0009,2020-09-29,0.1232042238
AOI-0009,2020-10-07,0.1472334862
AOI-0009,2020-10-15,0.1143582165
AOI-0009,2021-04-06,0.4806199670
AOI-0009,2021-04-30,0.8059480786
AOI-0009,2021-05-15,0.8013237715
AOI-0009,2021-05-16,0.7904761434
AOI-0009,2021-07-14,0.2195396423
AOI-0009,2021-07-21,0.1765595376
AOI-0009,2021-07-26,0.2058124691
AOI-0009,2021-07-29,0.2151052505
AOI-0009,2021-08-20,0.2081358433
AOI-0009,2021-09-27,0.2455587536
AOI-0009,2021-10-02,0.4214342535
AOI-0009,2021-10-12,0.3503357172
AOI-0009,2021-10-15,0.4057935774
AOI-0009,2022-04-02,0.5004555583
AOI-0009,2022-06-06,0.7792330384
AOI-0009,2022-06-08,0.8066229224
AOI-0009,2022-06-11,0.7667394280
AOI-0009,2022-07-12,0.2035134435
AOI-0009,2022-07-14,0.2052781284
AOI-0009,2022-08-23,0.1752161384
AOI-0009,2022-09-30,0.1691880524
AOI-0009,2022-10-02,0.1730748862
AOI-0009,2022-10-19,0.2296243310
AOI-0009,2022-10-22,0.2296243310
AOI-0009,2023-05-17,0.8403077126
AOI-0009,2023-05-25,0.7593567967
AOI-0009,2023-06-19,0.6306551099
AOI-0009,2023-06-26,0.4461063445
AOI-0009,2023-07-25,0.2548038363
AOI-0009,2023-08-13,0.2523027956
AOI-0009,2023-08-26,0.2383145690
AOI-0009,2023-08-28,0.2462959588
AOI-0009,2023-08-29,0.2502866685
AOI-0009,2023-09-14,0.2443525046
AOI-0009,2023-10-02,0.2050030679
AOI-0009,2023-10-12,0.2342683822
AOI-0009,2024-05-08,0.2611747384
AOI-0009,2024-06-18,0.6971095800
AOI-0009,2024-06-23,0.6825987101
AOI-0009,2024-06-28,0.6938325167
AOI-0009,2024-07-08,0.6164150834
AOI-0009,2024-08-04,0.5134052634
AOI-0009,2024-08-09,0.4842127860
AOI-0009,2024-08-20,0.4102703035
AOI-0009,2024-08-27,0.3852643371
AOI-0009,2024-09-03,0.2816594541
AOI-0009,2024-09-06,0.2677488625
AOI-0009,2024-09-08,0.2584751546
AOI-0009,2024-09-13,0.2444675267
AOI-0009,2024-10-08,0.2352459133
AOI-0012,2010-07-13,0.4192562103
AOI-0012,2010-08-22,0.3257388175
AOI-0012,2010-10-25,0.3879305422
AOI-0012,2011-05-21,0.7594945431
AOI-0012,2011-07-12,0.2632724643
AOI-0012,2011-08-13,0.1983383745
AOI-0012,2011-09-02,0.3472688496
AOI-0012,2012-04-22,0.2564850450
AOI-0012,2012-06-09,0.3808888495
AOI-0012,2012-06-25,0.4010333419
AOI-0012,2012-08-03,0.3518110514
AOI-0012,2012-08-28,0.2740299702
AOI-0012,2012-09-13,0.2886153162
AOI-0012,2012-10-06,0.3619535863
AOI-0012,2013-05-09,0.7534395456
AOI-0012,2013-06-10,0.5002281666
AOI-0012,2013-07-13,0.3380376399
AOI-0012,2013-07-29,0.3066510856
AOI-0012,2013-10-09,0.4044711292
AOI-0012,2013-10-25,0.4216958284
AOI-0012,2014-06-06,0.4822320640
AOI-0012,2014-06-22,0.3113839924
AOI-0012,2014-06-26,0.3051702976
AOI-0012,2014-06-30,0.2989566028
AOI-0012,2014-08-13,0.2183148861
AOI-0012,2014-09-14,0.2164825797
AOI-0012,2014-10-16,0.1743372679
AOI-0012,2014-10-28,0.1743372679
AOI-0012,2015-05-25,0.2930111587
AOI-0012,2015-06-09,0.3841244578
AOI-0012,2015-08-12,0.2483287454
AOI-0012,2015-08-13,0.2495924532
AOI-0012,2015-08-20,0.2584383786
AOI-0012,2015-09-14,0.2466594428
AOI-0012,2016-08-06,0.3823930919
AOI-0012,2017-04-03,0.3754814565
AOI-0012,2017-04-07,0.3754814565
AOI-0012,2017-05-06,0.6634125113
AOI-0012,2017-07-24,0.1861378700
AOI-0012,2017-08-01,0.2221446782
AOI-0012,2017-08-04,0.1811434776
AOI-0012,2017-08-13,0.1708896011
AOI-0012,2017-08-14,0.1708743274
AOI-0012,2017-08-17,0.1708285213
AOI-0012,2017-09-05,0.2323498726
AOI-0012,2017-09-08,0.2294096053
AOI-0012,2017-09-30,0.2233683318
AOI-0012,2017-10-04,0.2036606073
AOI-0012,2018-04-11,0.6332259178
AOI-0012,2018-05-24,0.8108635545
AOI-0012,2018-05-25,0.8089272380
AOI-0012,2018-06-09,0.4099552929
AOI-0012,2018-09-13,0.2708404660
AOI-0012,2018-09-30,0.2331870198
AOI-0012,2019-04-01,0.4600644112
AOI-0012,2019-06-07,0.5451920033
AOI-0012,2019-06-17,0.2688348591
AOI-0012,2019-06-28,0.1613898575
AOI-0012,2019-07-22,0.2298251390
AOI-0012,2019-08-13,0.1829843074
AOI-0012,2019-09-13,0.2815644145
AOI-0012,2020-04-02,0.5030317903
AOI-0012,2020-04-25,0.7188087106
AOI-0012,2020-05-15,0.6740486622
AOI-0012,2020-06-09,0.4709590971
AOI-0012,2020-06-26,0.2663665712
AOI-0012,2020-07-24,0.1797036827
AOI-0012,2020-08-03,0.1775757819
AOI-0012,2020-08-05,0.1784666032
AOI-0012,2020-08-12,0.1759532839
AOI-0012,2020-09-09,0.1772476584
AOI-0012,2020-09-12,0.2253313512
AOI-0012,2020-09-22,0.1801449358
AOI-0012,2020-09-26,0.1543222219
AOI-0012,2020-10-17,0.2578765750
AOI-0012,2021-05-08,0.4499208331
AOI-0012,2021-05-25,0.2331648469
AOI-0012,2021-06-06,0.2716446817
AOI-0012,2021-06-26,0.2423731089
AOI-0012,2021-07-16,0.1694475859
AOI-0012,2021-07-21,0.1688400358
AOI-0012,2021-07-24,0.1731752604
AOI-0012,2021-08-18,0.2092070282
AOI-0012,2021-08-25,0.1766242385
AOI-0012,2021-08-30,0.3240595460
AOI-0012,2021-09-07,0.1703443825
AOI-0012,2022-06-06,0.7815464139
AOI-0012,2022-06-19,0.5808210969
AOI-0012,2022-07-01,0.2966888845
AOI-0012,2022-07-28,0.1850903928
AOI-0012,2022-08-28,0.3594862223
AOI-0012,2022-09-08,0.2005955726
AOI-0012,2022-09-14,0.1879658699
AOI-0012,2023-04-10,0.6769992113
AOI-0012,2023-06-06,0.7842071652
AOI-0012,2023-06-23,0.3418204784
AOI-0012,2023-07-26,0.2076667547
AOI-0012,2023-08-05,0.1982173622
AOI-0012,2023-08-15,0.2204665691
AOI-0012,2023-10-07,0.2296642214
AOI-0012,2023-10-11,0.2158926278
AOI-0012,2024-04-01,0.7169861197
AOI-0012,2024-04-06,0.7188220620
AOI-0012,2024-05-08,0.8078274727
AOI-0012,2024-05-09,0.7828898430
AOI-0012,2024-06-17,0.2811362147
AOI-0012,2024-07-08,0.1948310733
AOI-0012,2024-07-10,0.2295654565
AOI-0012,2024-07-20,0.2083029598
AOI-0012,2024-08-22,0.2087677866
AOI-0012,2024-10-07,0.1824360192
AOI-0012,2024-10-15,0.1942000240
AOI-0016,2010-04-24,0.4910049140
AOI-0016,2010-08-29,0.5829508901
AOI-0016,2011-05-09,0.5400415063
AOI-0016,2011-06-06,0.8115051389
AOI-0016,2011-06-10,0.7298768759
AOI-0016,2011-06-30,0.6919780374
AOI-0016,2011-07-28,0.5019559264
AOI-0016,2012-04-29,0.6869474649
AOI-0016,2012-07-11,0.7687565088
AOI-0016,2012-07-27,0.6490905881
AOI-0016,2012-09-11,0.4916892946
AOI-0016,2012-10-15,0.5513435006
AOI-0016,2013-06-03,0.7395231724
AOI-0016,2013-07-28,0.7597878575
AOI-0016,2013-08-13,0.7246666551
AOI-0016,2013-10-24,0.5719216466
AOI-0016,2014-04-07,0.3092744648
AOI-0016,2014-05-09,0.6759604216
AOI-0016,2014-05-21,0.7489993572
AOI-0016,2014-06-29,0.6481853127
AOI-0016,2014-07-08,0.6038967967
AOI-0016,2014-07-28,0.6143265367
AOI-0016,2015-04-06,0.4934519231
AOI-0016,2015-06-24,0.6095777154
AOI-0016,2015-07-12,0.7245241404
AOI-0016,2015-10-07,0.3760299385
AOI-0016,2016-05-25,0.5645516515
AOI-0016,2016-06-03,0.5596264005
AOI-0016,2016-06-19,0.4591914117
AOI-0016,2016-07-04,0.5519661307
AOI-0016,2016-07-05,0.5710959435
AOI-0016,2016-07-27,0.8099041581
AOI-0016,2017-04-03,0.2478490174
AOI-0016,2017-04-13,0.1288598031
AOI-0016,2017-08-09,0.5173581243
AOI-0016,2017-08-11,0.4904160500
AOI-0016,2017-08-17,0.5286417007
AOI-0016,2017-09-15,0.4279965460
AOI-0016,2018-04-06,0.1975781024
AOI-0016,2018-04-07,0.1985440254
AOI-0016,2018-04-11,0.2024077177
AOI-0016,2018-05-16,0.3231242597
AOI-0016,2018-06-02,0.3659521043
AOI-0016,2019-04-06,0.3637607992
AOI-0016,2019-04-21,0.2751871943
AOI-0016,2019-05-11,0.3729116023
AOI-0016,2019-06-26,0.7472072840
AOI-0016,2019-07-06,0.4558776319
AOI-0016,2019-07-17,0.7364335656
AOI-0016,2019-07-28,0.7497109175
AOI-0016,2019-08-24,0.3085575700
AOI-0016,2019-09-13,0.3240210712
AOI-0016,2019-09-23,0.1346626282
AOI-0016,2020-05-04,0.3313687146
AOI-0016,2020-06-26,0.6488371491
AOI-0016,2020-07-07,0.7485074401
AOI-0016,2020-08-08,0.5160768032
AOI-0016,2020-08-24,0.2945439517
AOI-0016,2020-08-30,0.3309376240
AOI-0016,2020-09-17,0.2176159024
AOI-0016,2020-09-19,0.2137888074
AOI-0016,2020-10-03,0.2198669910
AOI-0016,2020-10-17,0.2264217585
AOI-0016,2021-04-02,0.4730902314
AOI-0016,2021-04-15,0.5125723481
AOI-0016,2021-05-12,0.8274043798
AOI-0016,2021-06-14,0.8336190581
AOI-0016,2021-07-14,0.2535360754
AOI-0016,2021-07-24,0.1279636919
AOI-0016,2021-08-03,0.1409636289
AOI-0016,2021-08-29,0.1482778192
AOI-0016,2021-09-17,0.1512516290
AOI-0016,2021-09-29,0.3161749840
AOI-0016,2021-10-14,0.1482107788
AOI-0016,2022-06-04,0.3940096200
AOI-0016,2022-06-06,0.4568824172
AOI-0016,2022-07-06,0.8210017085
AOI-0016,2022-07-19,0.8047311902
AOI-0016,2022-07-21,0.8220384717
AOI-0016,2022-07-29,0.7340372205
AOI-0016,2022-08-03,0.7659521699
AOI-0016,2022-08-05,0.7336887717
AOI-0016,2022-08-08,0.6551666856
AOI-0016,2022-08-13,0.5389145613
AOI-0016,2022-08-23,0.4174605012
AOI-0016,2022-09-27,0.1890177876
AOI-0016,2022-10-19,0.2185642570
AOI-0016,2023-04-11,0.7108938098
AOI-0016,2023-05-05,0.8686355352
AOI-0016,2023-05-25,0.7472384572
AOI-0016,2023-06-07,0.7567633986
AOI-0016,2023-06-11,0.5753385425
AOI-0016,2023-07-16,0.2625248432
AOI-0016,2023-07-17,0.2682164013
AOI-0016,2023-07-24,0.4089945257
AOI-0016,2023-07-28,0.3014996350
AOI-0016,2023-08-17,0.1163427457
AOI-0016,2023-08-25,0.2068244368
AOI-0016,2023-09-07,0.2028865963
AOI-0016,2023-09-26,0.1568936855
AOI-0016,2023-10-16,0.1484264135
AOI-0016,2023-10-19,0.1430798769
AOI-0016,2024-04-26,0.4543067813
AOI-0016,2024-05-04,0.4831709862
AOI-0016,2024-05-06,0.4891451597
AOI-0016,2024-05-09,0.6494697928
AOI-0016,2024-06-05,0.3417426348
AOI-0016,2024-06-13,0.3629315495
AOI-0016,2024-06-24,0.2516079247
AOI-0016,2024-07-10,0.3644840121
AOI-0016,2024-07-18,0.2353145331
AOI-0016,2024-09-11,0.1899171919
AOI-0016,2024-09-16,0.1865798980
AOI-0016,2024-10-07,0.1633615196
AOI-0016,2024-10-30,0.2146084160
AOI-0018,2010-07-12,0.7617473602
AOI-0018,2010-08-29,0.6210184097
AOI-0018,2010-09-30,0.4924482405
AOI-0018,2011-04-26,0.3063221872
AOI-0018,2011-05-21,0.7112233639
AOI-0018,2011-05-25,0.7611058354
AOI-0018,2011-06-22,0.7822293043
AOI-0018,2011-06-26,0.7691475153
AOI-0018,2011-07-15,0.6075577736
AOI-0018,2011-07-28,0.5934704542
AOI-0018,2011-08-17,0.6271619797
AOI-0018,2011-10-27,0.5012370944
AOI-0018,2012-04-06,0.3040512204
AOI-0018,2012-07-25,0.7338370681
AOI-0018,2012-07-27,0.7189310789
AOI-0018,2012-09-04,0.5429679751
AOI-0018,2012-10-06,0.6118004918
AOI-0018,2012-10-15,0.6846359968
AOI-0018,2013-06-11,0.5334182978
AOI-0018,2013-08-13,0.7603604198
AOI-0018,2013-08-21,0.6782543063
AOI-0018,2013-09-22,0.5939977169
AOI-0018,2013-10-16,0.6880026460
AOI-0018,2014-05-09,0.7114592791
AOI-0018,2014-06-06,0.6275731325
AOI-0018,2014-06-10,0.6504214406
AOI-0018,2014-09-14,0.4910708964
AOI-0018,2015-04-07,0.4433068931
AOI-0018,2015-05-23,0.6670018435
AOI-0018,2015-05-25,0.6584442258
AOI-0018,2015-08-04,0.4596084058
AOI-0018,2015-08-11,0.4519841373
AOI-0018,2015-09-28,0.4002425671
AOI-0018,2016-05-18,0.7485154867
AOI-0018,2016-06-03,0.6680620909
AOI-0018,2016-06-18,0.7737806439
AOI-0018,2016-07-13,0.5858673453
AOI-0018,2016-08-22,0.5483413935
AOI-0018,2016-10-16,0.5450639129
AOI-0018,2017-07-12,0.7053670883
AOI-0018,2017-08-08,0.6203093529
AOI-0018,2017-08-13,0.6029337049
AOI-0018,2017-09-02,0.6057346463
AOI-0018,2017-09-26,0.4954194427
AOI-0018,2017-10-04,0.4230709970
AOI-0018,2017-10-05,0.4214652181
AOI-0018,2017-10-08,0.4166478813
AOI-0018,2018-06-15,0.5877920985
AOI-0018,2018-07-18,0.5649490356
AOI-0018,2018-07-28,0.5371893644
AOI-0018,2018-08-13,0.3595081866
AOI-0018,2018-08-20,0.3338393271
AOI-0018,2018-09-05,0.2789188027
AOI-0018,2018-10-07,0.2802763879
AOI-0018,2019-04-28,0.4796433747
AOI-0018,2019-05-02,0.3299269676
AOI-0018,2019-05-06,0.3088311553
AOI-0018,2019-05-13,0.2373227626
AOI-0018,2019-05-18,0.2559930384
AOI-0018,2019-05-21,0.2998875678
AOI-0018,2019-05-25,0.3584136069
AOI-0018,2019-06-25,0.3263488114
AOI-0018,2019-06-26,0.3402622044
AOI-0018,2019-07-12,0.5976585746
AOI-0018,2019-08-29,0.5387737155
AOI-0018,2019-09-03,0.4694125950
AOI-0018,2019-09-10,0.3591863513
AOI-0018,2019-10-10,0.3303827345
AOI-0018,2019-10-13,0.3281582594
AOI-0018,2020-06-11,0.6726494431
AOI-0018,2020-06-25,0.2821215391
AOI-0018,2020-07-14,0.1958027631
AOI-0018,2020-08-20,0.1788474768
AOI-0018,2020-09-02,0.1854330152
AOI-0018,2020-09-04,0.1673070937
AOI-0018,2020-09-12,0.2642945647
AOI-0018,2020-09-26,0.1939880699
AOI-0018,2020-10-07,0.2003791481
AOI-0018,2020-10-09,0.1804390848
AOI-0018,2020-10-27,0.0857222751
AOI-0018,2021-04-02,0.4175989628
AOI-0018,2021-04-07,0.4237491786
AOI-0018,2021-05-09,0.8287374377
AOI-0018,2021-05-12,0.8055338264
AOI-0018,2021-05-20,0.8580620885
AOI-0018,2021-05-23,0.8483325243
AOI-0018,2021-06-14,0.8332748413
AOI-0018,2021-07-19,0.2408966720
AOI-0018,2021-07-28,0.1958859116
AOI-0018,2021-08-12,0.3131254911
AOI-0018,2021-08-23,0.2390394956
AOI-0018,2021-08-25,0.2390502691
AOI-0018,2021-08-29,0.2455157936
AOI-0018,2021-09-13,0.1767413020
AOI-0018,2021-10-27,0.2781679630
AOI-0018,2022-04-05,0.2272448242
AOI-0018,2022-04-08,0.2243744135
AOI-0018,2022-05-20,0.5320214033
AOI-0018,2022-06-04,0.4375700951
AOI-0018,2022-06-08,0.5038115978
AOI-0018,2022-06-19,0.7284160256
AOI-0018,2022-06-24,0.7461568713
AOI-0018,2022-07-22,0.8076408505
AOI-0018,2022-07-30,0.7973986864
AOI-0018,2022-08-10,0.6735656857
AOI-0018,2022-08-28,0.4136969745
AOI-0018,2022-08-31,0.2483853847
AOI-0018,2022-10-19,0.2142930031
AOI-0018,2023-04-04,0.6895718575
AOI-0018,2023-04-10,0.6506070495
AOI-0018,2023-05-09,0.8890566230
AOI-0018,2023-05-15,0.8847771287
AOI-0018,2023-05-25,0.8803464174
AOI-0018,2023-06-24,0.4270568490
AOI-0018,2023-07-06,0.4108181000
AOI-0018,2023-07-16,0.2454321086
AOI-0018,2023-07-24,0.3468954861
AOI-0018,2023-08-02,0.2727595568
AOI-0018,2023-08-30,0.3417820334
AOI-0018,2023-09-12,0.1831746995
AOI-0018,2023-09-18,0.1852435917
AOI-0018,2023-10-12,0.1802193671
AOI-0018,2023-10-19,0.1642533243
AOI-0018,2024-04-05,0.2078059167
AOI-0018,2024-04-29,0.2267965078
AOI-0018,2024-05-07,0.4540748894
AOI-0018,2024-06-17,0.7788720131
AOI-0018,2024-06-25,0.7465514541
AOI-0018,2024-06-28,0.7229341269
AOI-0018,2024-07-05,0.7095251679
AOI-0018,2024-08-03,0.5279306173
AOI-0018,2024-08-20,0.2814913392
AOI-0018,2024-09-20,0.2005956024
AOI-0018,2024-09-23,0.1928171664
AOI-0018,2024-10-01,0.2006372660
AOI-0018,2024-10-30,0.1505981833
AOI-0024,2010-04-23,0.2338728011
AOI-0024,2010-06-19,0.4547234178
AOI-0024,2010-07-28,0.7750040293
AOI-0024,2010-10-16,0.2799877524
AOI-0024,2011-06-14,0.2965011597
AOI-0024,2011-06-26,0.2828511596
AOI-0024,2011-07-16,0.4679163396
AOI-0024,2011-09-14,0.4146052301
AOI-0024,2011-10-16,0.2861207128
AOI-0024,2012-04-04,0.1793384254
AOI-0024,2012-04-06,0.1793384254
AOI-0024,2012-06-23,0.4999547303
AOI-0024,2012-07-18,0.3479811847
AOI-0024,2012-08-28,0.2125731707
AOI-0024,2012-09-04,0.2388636917
AOI-0024,2012-09-13,0.2541779578
AOI-0024,2012-09-27,0.3680658340
AOI-0024,2013-04-16,0.2624415159
AOI-0024,2013-06-11,0.3893790841
AOI-0024,2013-07-20,0.5317177176
AOI-0024,2013-07-29,0.4338814318
AOI-0024,2013-08-22,0.4322827458
AOI-0024,2013-09-14,0.3675845265
AOI-0024,2014-05-09,0.6541597247
AOI-0024,2014-07-12,0.2844854295
AOI-0024,2014-08-09,0.2033469975
AOI-0024,2014-08-16,0.2062347233
AOI-0024,2014-09-30,0.1815638542
AOI-0024,2014-10-04,0.1760420352
AOI-0024,2015-04-14,0.3091591001
AOI-0024,2015-07-11,0.3251209557
AOI-0024,2015-07-12,0.3260301948
AOI-0024,2015-07-28,0.3352770805
AOI-0024,2015-09-29,0.2978548706
AOI-0024,2016-04-08,0.2663426399
AOI-0024,2016-04-23,0.3662668765
AOI-0024,2016-06-19,0.6539922357
AOI-0024,2016-08-12,0.7754787803
AOI-0024,2016-08-22,0.5852695107
AOI-0024,2016-08-30,0.6003111601
AOI-0024,2016-09-14,0.3730657399
AOI-0024,2016-10-16,0.3109219670
AOI-0024,2017-04-26,0.5965365171
AOI-0024,2017-05-01,0.6280767918
AOI-0024,2017-05-12,0.7793818116
AOI-0024,2017-05-29,0.7842192650
AOI-0024,2017-06-13,0.7228407860
AOI-0024,2017-06-14,0.7144802213
AOI-0024,2017-06-29,0.3592239022
AOI-0024,2017-07-07,0.3550982773
AOI-0024,2017-07-15,0.2926132381
AOI-0024,2017-08-01,0.2574488521
AOI-0024,2017-08-04,0.1916361004
AOI-0024,2017-08-08,0.1451488286
AOI-0024,2017-08-16,0.1608869880
AOI-0024,2017-08-24,0.2048159987
AOI-0024,2017-09-02,0.2173532844
AOI-0024,2017-09-05,0.1874514371
AOI-0024,2017-09-18,0.2071917951
AOI-0024,2017-09-30,0.1966806799
AOI-0024,2018-04-14,0.2631092370
AOI-0024,2018-06-24,0.4054092467
AOI-0024,2018-06-25,0.3776749074
AOI-0024,2018-08-19,0.1759166420
AOI-0024,2018-09-04,0.1675065756
AOI-0024,2018-09-29,0.2062735558
AOI-0024,2019-04-01,0.2836116254
AOI-0024,2019-04-21,0.5213029385
AOI-0024,2019-05-11,0.5955571532
AOI-0024,2019-05-28,0.8784661889
AOI-0024,2019-08-23,0.2520996630
AOI-0024,2019-08-24,0.2346888930
AOI-0024,2019-09-14,0.2201701254
AOI-0024,2019-09-15,0.2086316347
AOI-0024,2019-09-16,0.1970931441
AOI-0024,2019-10-09,0.3159481883
AOI-0024,2019-10-26,0.2048758268
AOI-0024,2020-04-30,0.2788573503
AOI-0024,2020-05-27,0.3613484800
AOI-0024,2020-07-07,0.7161825299
AOI-0024,2020-08-09,0.3800056279
AOI-0024,2020-08-12,0.3112293184
AOI-0024,2020-09-22,0.1001782715
AOI-0024,2020-10-15,0.1305771470
AOI-0024,2021-06-10,0.8504542112
AOI-0024,2021-07-12,0.2203775048
AOI-0024,2021-08-03,0.1951848418
AOI-0024,2021-08-12,0.3226933777
AOI-0024,2021-08-23,0.1857483238
AOI-0024,2021-08-25,0.2073680311
AOI-0024,2022-04-05,0.5240166783
AOI-0024,2022-05-25,0.8964675069
AOI-0024,2022-06-04,0.8921407461
AOI-0024,2022-06-30,0.3042575121
AOI-0024,2022-07-01,0.3164832592
AOI-0024,2022-07-17,0.2132958919
AOI-0024,2022-08-22,0.2445071340
AOI-0024,2022-09-01,0.3258754015
AOI-0024,2022-09-30,0.3054084182
AOI-0024,2022-10-01,0.3071878254
AOI-0024,2023-04-23,0.2720722556
AOI-0024,2023-04-27,0.2624081373
AOI-0024,2023-05-12,0.4618646204
AOI-0024,2023-05-17,0.2200056463
AOI-0024,2023-06-19,0.5245980024
AOI-0024,2023-07-05,0.8170928955
AOI-0024,2023-07-21,0.7545917630
AOI-0024,2023-08-01,0.7913555503
AOI-0024,2023-08-06,0.8056451082
AOI-0024,2023-08-13,0.7268909216
AOI-0024,2023-08-18,0.5844981670
AOI-0024,2023-09-22,0.2567242980
AOI-0024,2023-09-29,0.2704550326
AOI-0024,2023-10-11,0.1369075626
AOI-0024,2023-10-12,0.1877438277
AOI-0024,2024-04-05,0.6922876239
AOI-0024,2024-04-11,0.7448608279
AOI-0024,2024-05-23,0.8336317539
AOI-0024,2024-06-24,0.2385355979
AOI-0024,2024-06-28,0.2022702098
AOI-0024,2024-07-11,0.1634924412
AOI-0024,2024-07-15,0.1674432606
AOI-0024,2024-07-27,0.2201128900
AOI-0024,2024-07-30,0.2128245085
AOI-0024,2024-08-09,0.1827682704
AOI-0024,2024-09-21,0.1821494848
AOI-0024,2024-10-03,0.1536114961
AOI-0024,2024-10-08,0.1894364059
AOI-0025,2010-06-02,0.6226511598
AOI-0025,2011-04-02,0.1839955002
AOI-0025,2011-04-07,0.1839955002
AOI-0025,2011-06-26,0.2654832006
AOI-0025,2011-08-08,0.2854109406
AOI-0025,2012-04-04,0.5876863599
AOI-0025,2012-05-24,0.7492010593
AOI-0025,2012-08-26,0.2728785872
AOI-0025,2013-04-07,0.2552997768
AOI-0025,2013-04-23,0.3335968256
AOI-0025,2013-08-13,0.2068392187
AOI-0025,2013-10-16,0.5603012443
AOI-0025,2014-04-18,0.8169409037
AOI-0025,2014-05-09,0.8993883133
AOI-0025,2014-07-28,0.2486552298
AOI-0025,2014-08-24,0.2398602664
AOI-0025,2015-04-13,0.3234772980
AOI-0025,2015-05-25,0.3746699989
AOI-0025,2015-08-13,0.2074766606
AOI-0025,2015-09-14,0.1983341873
AOI-0025,2016-04-06,0.5928813815
AOI-0025,2016-05-09,0.7947244644
AOI-0025,2016-05-25,0.7751138806
AOI-0025,2016-06-10,0.4308952391
AOI-0025,2016-06-18,0.3939455152
AOI-0025,2016-07-11,0.2772994041
AOI-0025,2016-07-27,0.2026035786
AOI-0025,2016-08-12,0.2131368369
AOI-0025,2016-09-13,0.2032689452
AOI-0025,2016-10-15,0.3137846887
AOI-0025,2016-10-24,0.3137846887
AOI-0025,2017-04-02,0.2265384793
AOI-0025,2017-04-23,0.1853943616
AOI-0025,2017-05-25,0.3153164685
AOI-0025,2017-07-28,0.6783702970
AOI-0025,2017-07-31,0.6217000484
AOI-0025,2017-08-09,0.3283588290
AOI-0025,2017-08-29,0.2017909735
AOI-0025,2018-07-26,0.3986734152
AOI-0025,2018-09-12,0.1749569327
AOI-0025,2019-04-07,0.1573505253
AOI-0025,2019-05-02,0.1139340699
AOI-0025,2019-06-27,0.2698687911
AOI-0025,2019-08-06,0.1839701086
AOI-0025,2019-08-19,0.1574451476
AOI-0025,2019-08-22,0.1531663537
AOI-0025,2019-08-29,0.1676670462
AOI-0025,2019-09-14,0.1298282743
AOI-0025,2019-09-23,0.1120908782
AOI-0025,2019-10-23,0.6586362123
AOI-0025,2020-05-30,0.8887009025
AOI-0025,2020-08-13,0.2482615709
AOI-0025,2020-09-22,0.1806542128
AOI-0025,2020-10-12,0.2019289881
AOI-0025,2021-05-31,0.6645312905
AOI-0025,2021-06-24,0.5130096674
AOI-0025,2021-07-14,0.3280095160
AOI-0025,2021-07-28,0.1767534018
AOI-0025,2021-09-14,0.1914614588
AOI-0025,2021-10-16,0.2072532624
AOI-0025,2022-06-09,0.8361757994
AOI-0025,2022-06-11,0.8147304058
AOI-0025,2022-06-13,0.7861649394
AOI-0025,2022-06-29,0.3423356712
AOI-0025,2022-07-21,0.1441265196
AOI-0025,2022-08-13,0.1587761790
AOI-0025,2022-08-14,0.1643590331
AOI-0025,2022-08-29,0.1588781476
AOI-0025,2022-09-30,0.2140027583
AOI-0025,2023-05-09,0.2931438088
AOI-0025,2023-05-15,0.2689837813
AOI-0025,2023-06-26,0.7580279708
AOI-0025,2023-07-16,0.7301276922
AOI-0025,2023-08-01,0.7939573526
AOI-0025,2023-08-13,0.7184662223
AOI-0025,2023-09-30,0.1736409813
AOI-0025,2024-05-07,0.8345507979
AOI-0025,2024-05-23,0.8156006932
AOI-0025,2024-07-18,0.1576214731
AOI-0025,2024-07-28,0.2144447714
AOI-0025,2024-08-12,0.1745780408
AOI-0025,2024-08-17,0.1693617851
AOI-0025,2024-09-16,0.2072478086
AOI-0025,2024-09-26,0.1605346352
AOI-0025,2024-10-11,0.1575126201
AOI-0025,2024-10-30,0.1152169853
AOI-0029,2010-08-13,0.1473053843
AOI-0029,2010-08-29,0.1388109177
AOI-0029,2011-04-26,0.5109316707
AOI-0029,2012-05-24,0.4128460586
AOI-0029,2012-06-09,0.5690377355
AOI-0029,2012-07-27,0.4284722805
AOI-0029,2012-09-27,0.2683172524
AOI-0029,2013-04-15,0.7968260050
AOI-0029,2013-05-09,0.8100983500
AOI-0029,2014-05-20,0.4823546410
AOI-0029,2014-06-10,0.2238638252
AOI-0029,2014-07-28,0.1868596226
AOI-0029,2014-08-13,0.1731982976
AOI-0029,2015-04-23,0.8147670627
AOI-0029,2016-04-07,0.3817906976
AOI-0029,2016-06-18,0.7431908846
AOI-0029,2016-07-04,0.7238931656
AOI-0029,2016-08-13,0.3627588451
AOI-0029,2016-09-29,0.3402085602
AOI-0029,2017-04-01,0.5883163810
AOI-0029,2017-04-07,0.6419468522
AOI-0029,2017-05-01,0.6821979880
AOI-0029,2017-06-10,0.5974359512
AOI-0029,2017-06-26,0.3348797560
AOI-0029,2017-08-04,0.1937392354
AOI-0029,2017-08-09,0.1616991311
AOI-0029,2017-08-13,0.1355603039
AOI-0029,2017-09-01,0.1273734719
AOI-0029,2017-09-30,0.1616898477
AOI-0029,2018-04-23,0.3383518755
AOI-0029,2018-06-16,0.1442462951
AOI-0029,2018-09-12,0.1703760475
AOI-0029,2018-09-18,0.2175136805
AOI-0029,2018-09-30,0.2311468869
AOI-0029,2019-04-11,0.6857229471
AOI-0029,2019-04-23,0.7509621978
AOI-0029,2019-06-05,0.8341821432
AOI-0029,2019-06-15,0.6166641712
AOI-0029,2019-06-25,0.3259744942
AOI-0029,2019-07-25,0.1970924288
AOI-0029,2019-07-28,0.1869859844
AOI-0029,2019-09-13,0.2159133255
AOI-0029,2019-09-23,0.1131274253
AOI-0029,2020-04-02,0.1848717183
AOI-0029,2020-04-06,0.1848717183
AOI-0029,2020-05-20,0.6521242857
AOI-0029,2020-07-14,0.2000193596
AOI-0029,2020-07-23,0.1677369326
AOI-0029,2020-08-03,0.1552142203
AOI-0029,2020-09-02,0.1582850516
AOI-0029,2020-09-17,0.1969868839
AOI-0029,2020-09-25,0.1560561508
AOI-0029,2021-04-21,0.6201498508
AOI-0029,2021-05-07,0.8158046603
AOI-0029,2021-05-23,0.8698812127
AOI-0029,2021-06-16,0.7775867581
AOI-0029,2021-06-19,0.7553748488
AOI-0029,2021-06-26,0.6570205092
AOI-0029,2021-07-10,0.2485943288
AOI-0029,2021-09-17,0.2143841684
AOI-0029,2021-10-07,0.2038472146
AOI-0029,2021-10-22,0.2325219512
AOI-0029,2021-10-27,0.2945010960
AOI-0029,2022-04-10,0.2894036770
AOI-0029,2022-04-15,0.3817843497
AOI-0029,2022-06-09,0.6443855762
AOI-0029,2022-06-19,0.7234434485
AOI-0029,2022-07-05,0.7461667061
AOI-0029,2022-07-12,0.7309731841
AOI-0029,2022-08-03,0.6815507412
AOI-0029,2022-08-29,0.3467902839
AOI-0029,2022-09-17,0.2953517139
AOI-0029,2023-06-30,0.3707879782
AOI-0029,2023-07-12,0.2253810465
AOI-0029,2023-07-28,0.1511952579
AOI-0029,2023-08-01,0.1535398513
AOI-0029,2023-08-09,0.2120508701
AOI-0029,2023-08-25,0.1311876476
AOI-0029,2023-09-22,0.2052743584
AOI-0029,2023-09-24,0.2042600214
AOI-0029,2024-05-24,0.2361641526
AOI-0029,2024-06-24,0.1951833814
AOI-0029,2024-06-28,0.2229741663
AOI-0029,2024-07-03,0.1908782125
AOI-0029,2024-07-11,0.1565765291
AOI-0029,2024-09-28,0.1891867667
AOI-0034,2010-04-26,0.3379442990
AOI-0034,2010-05-28,0.5787027478
AOI-0034,2010-06-12,0.6316998601
AOI-0034,2010-07-31,0.2785646617
AOI-0034,2011-04-07,0.3842677474
AOI-0034,2011-04-28,0.4486415088
AOI-0034,2011-06-16,0.2895860672
AOI-0034,2011-06-26,0.2473661155
AOI-0034,2011-07-26,0.1865771413
AOI-0034,2011-08-18,0.2308402956
AOI-0034,2011-09-27,0.2276578546
AOI-0034,2011-09-30,0.2423625439
AOI-0034,2012-05-01,0.6219641566
AOI-0034,2012-05-17,0.5331629515
AOI-0034,2012-05-24,0.4988822639
AOI-0034,2012-06-09,0.4205264449
AOI-0034,2012-06-25,0.3421705961
AOI-0034,2012-07-27,0.2031195611
AOI-0034,2012-08-12,0.1820820421
AOI-0034,2013-04-02,0.2046841383
AOI-0034,2013-04-18,0.4191547632
AOI-0034,2013-05-11,0.3862868845
AOI-0034,2013-06-13,0.1782034785
AOI-0034,2013-06-21,0.2126839459
AOI-0034,2013-07-14,0.2619376183
AOI-0034,2013-08-23,0.2394078672
AOI-0034,2013-10-10,0.4504599869
AOI-0034,2014-07-10,0.1855766326
AOI-0034,2014-10-29,0.1588994265
AOI-0034,2015-04-24,0.3060458302
AOI-0034,2015-05-26,0.2384990901
AOI-0034,2015-07-04,0.1755519956
AOI-0034,2015-08-13,0.1287811995
AOI-0034,2015-08-29,0.1587457657
AOI-0034,2015-09-07,0.1444912851
AOI-0034,2015-09-15,0.2098867148
AOI-0034,2015-09-22,0.1900494844
AOI-0034,2015-10-08,0.2141608149
AOI-0034,2016-06-12,0.4746008813
AOI-0034,2016-06-21,0.2626269758
AOI-0034,2016-07-27,0.1953776628
AOI-0034,2016-08-31,0.1738473326
AOI-0034,2016-10-15,0.1914826185
AOI-0034,2016-10-26,0.1643235832
AOI-0034,2017-04-03,0.2760345042
AOI-0034,2017-04-04,0.2760345042
AOI-0034,2017-05-07,0.2623719871
AOI-0034,2017-06-10,0.2208464295
AOI-0034,2017-07-17,0.1275798380
AOI-0034,2017-07-25,0.1700920314
AOI-0034,2017-08-02,0.1386035383
AOI-0034,2017-08-06,0.1398846656
AOI-0034,2017-08-19,0.1696885377
AOI-0034,2017-09-11,0.1459084153
AOI-0034,2017-09-28,0.3360115588
AOI-0034,2018-04-28,0.8135691285
AOI-0034,2018-05-17,0.7969565988
AOI-0034,2018-05-30,0.7053781152
AOI-0034,2018-06-11,0.3469743431
AOI-0034,2018-06-27,0.1527079046
AOI-0034,2018-09-05,0.1540172398
AOI-0034,2019-04-23,0.1775234193
AOI-0034,2019-05-18,0.1502398252
AOI-0034,2019-05-29,0.1520182788
AOI-0034,2019-06-04,0.1547454596
AOI-0034,2019-06-17,0.1334950030
AOI-0034,2019-06-22,0.1961930096
AOI-0034,2019-06-24,0.1926364750
AOI-0034,2019-06-27,0.1813218147
AOI-0034,2019-07-19,0.1162244380
AOI-0034,2019-07-29,0.1811143905
AOI-0034,2019-08-11,0.1510175318
AOI-0034,2019-08-13,0.1464628875
AOI-0034,2019-09-02,0.1399671733
AOI-0034,2019-09-14,0.1479759514
AOI-0034,2019-09-17,0.1588072181
AOI-0034,2019-10-22,0.7401577234
AOI-0034,2020-04-14,0.7662456036
AOI-0034,2020-04-17,0.7743965387
AOI-0034,2020-04-29,0.4542565942
AOI-0034,2020-05-04,0.5894131064
AOI-0034,2020-05-24,0.7097027898
AOI-0034,2020-05-31,0.2757352293
AOI-0034,2020-06-03,0.3007144630
AOI-0034,2020-07-10,0.1228425205
AOI-0034,2020-07-16,0.1113609821
AOI-0034,2020-07-23,0.1196150035
AOI-0034,2020-07-25,0.1204240918
AOI-0034,2020-07-28,0.1719324887
AOI-0034,2020-07-31,0.1453453302
AOI-0034,2020-08-07,0.1170074418
AOI-0034,2020-08-11,0.1175621301
AOI-0034,2020-09-03,0.1244225949
AOI-0034,2020-09-04,0.1241777465
AOI-0034,2020-09-29,0.1060836986
AOI-0034,2020-10-15,0.1193999797
AOI-0034,2021-04-12,0.1558497995
AOI-0034,2021-04-22,0.2337595373
AOI-0034,2021-05-01,0.1149941981
AOI-0034,2021-05-07,0.2280889750
AOI-0034,2021-05-10,0.2428361326
AOI-0034,2021-05-29,0.2503061891
AOI-0034,2021-07-26,0.1419792324
AOI-0034,2021-07-28,0.1397065669
AOI-0034,2021-07-31,0.1335729212
AOI-0034,2021-08-02,0.1285756230
AOI-0034,2021-08-06,0.1293289959
AOI-0034,2021-08-17,0.1565886736
AOI-0034,2021-08-29,0.1436506957
AOI-0034,2021-09-11,0.0980408862
AOI-0034,2021-09-14,0.0374392718
AOI-0034,2021-09-15,0.0172387362
AOI-0034,2021-10-06,0.2954341173
AOI-0034,2021-10-09,0.3271536827
AOI-0034,2022-04-12,0.7508137822
AOI-0034,2022-05-29,0.8332148194
AOI-0034,2022-06-11,0.3979943097
AOI-0034,2022-06-20,0.2741501331
AOI-0034,2022-06-30,0.2525757551
AOI-0034,2022-08-25,0.1511531919
AOI-0034,2022-09-06,0.1224118322
AOI-0034,2022-09-09,0.1429781020
AOI-0034,2022-10-01,0.1482177377
AOI-0034,2022-10-06,0.1167686954
AOI-0034,2023-04-04,0.2342228442
AOI-0034,2023-04-17,0.1631280184
AOI-0034,2023-04-23,0.1431575716
AOI-0034,2023-05-31,0.1878978610
AOI-0034,2023-07-21,0.1634723097
AOI-0034,2023-07-23,0.1436721832
AOI-0034,2023-07-28,0.1702632010
AOI-0034,2023-08-08,0.1399379373
AOI-0034,2023-08-17,0.1445461810
AOI-0034,2023-09-26,0.2425418943
AOI-0034,2023-09-28,0.2685214877
AOI-0034,2023-09-30,0.2952396572
AOI-0034,2023-10-01,0.3089680374
AOI-0034,2024-04-28,0.8317375779
AOI-0034,2024-05-09,0.7516410351
AOI-0034,2024-05-10,0.7319183350
AOI-0034,2024-05-21,0.6430900693
AOI-0034,2024-06-26,0.2146456689
AOI-0034,2024-08-16,0.1299137324
AOI-0034,2024-09-06,0.1147255823
AOI-0034,2024-09-07,0.1213834286
AOI-0034,2024-09-13,0.1255631596
AOI-0034,2024-09-14,0.1250675321
AOI-0034,2024-10-05,0.1475850195
AOI-0034,2024-10-09,0.1318363696
AOI-0034,2024-10-15,0.1266084909
AOI-0034,2024-10-25,0.1266084909
AOI-0034,2024-10-30,0.1266084909
AOI-0036,2010-05-28,0.4123614132
AOI-0036,2010-06-10,0.4045557380
AOI-0036,2010-07-06,0.3231424391
AOI-0036,2010-07-07,0.3213728666
AOI-0036,2010-07-28,0.2046108693
AOI-0036,2010-07-30,0.1976775378
AOI-0036,2010-09-01,0.1580825597
AOI-0036,2010-09-14,0.1464317143
AOI-0036,2010-09-30,0.1599041224
AOI-0036,2011-07-01,0.3909616470
AOI-0036,2011-07-12,0.3500095606
AOI-0036,2012-04-22,0.4198594987
AOI-0036,2012-07-20,0.3469315469
AOI-0036,2012-07-27,0.3104144335
AOI-0036,2012-09-06,0.1621446759
AOI-0036,2012-09-13,0.1656200737
AOI-0036,2012-09-29,0.1735638529
AOI-0036,2012-10-15,0.1780322194
AOI-0036,2013-04-02,0.2439577729
AOI-0036,2013-06-10,0.2658019066
AOI-0036,2013-06-26,0.2944492102
AOI-0036,2013-06-28,0.2986136079
AOI-0036,2013-09-14,0.3626254797
AOI-0036,2013-10-10,0.3757773936
AOI-0036,2014-04-23,0.3560807407
AOI-0036,2014-05-25,0.3039158881
AOI-0036,2014-06-24,0.2650197744
AOI-0036,2014-08-02,0.1937504858
AOI-0036,2014-10-05,0.2133595645
AOI-0036,2014-10-14,0.2233521789
AOI-0036,2015-05-25,0.4486547112
AOI-0036,2015-07-28,0.1608122289
AOI-0036,2015-08-06,0.1547199935
AOI-0036,2015-09-06,0.1655242145
AOI-0036,2015-09-30,0.1453650743
AOI-0036,2016-06-09,0.3355078399
AOI-0036,2016-07-15,0.3245211542
AOI-0036,2016-07-27,0.3413179815
AOI-0036,2016-08-23,0.2547203302
AOI-0036,2016-09-25,0.2119779885
AOI-0036,2016-10-26,0.2270122617
AOI-0036,2017-04-12,0.3754491806
AOI-0036,2017-07-04,0.2011062801
AOI-0036,2017-07-25,0.2451950014
AOI-0036,2017-07-28,0.2160940319
AOI-0036,2017-08-18,0.1572423130
AOI-0036,2017-08-21,0.1505813748
AOI-0036,2017-08-26,0.1463079154
AOI-0036,2017-08-27,0.1454532295
AOI-0036,2017-09-04,0.1705052704
AOI-0036,2018-06-03,0.3825037479
AOI-0036,2018-06-26,0.2443977147
AOI-0036,2018-07-12,0.2271707505
AOI-0036,2018-08-22,0.1930611879
AOI-0036,2018-08-29,0.1799605638
AOI-0036,2018-09-05,0.1673768163
AOI-0036,2018-09-06,0.1655914336
AOI-0036,2018-10-01,0.1292804033
AOI-0036,2018-10-09,0.1906628013
AOI-0036,2018-10-12,0.2410899848
AOI-0036,2019-05-21,0.5379900932
AOI-0036,2019-05-25,0.4593349397
AOI-0036,2019-05-29,0.4404622316
AOI-0036,2019-06-04,0.3733171821
AOI-0036,2019-06-17,0.1970497072
AOI-0036,2019-07-12,0.1197087988
AOI-0036,2019-07-28,0.2172022611
AOI-0036,2019-07-29,0.2323698103
AOI-0036,2019-08-01,0.2568391263
AOI-0036,2019-08-26,0.2061359882
AOI-0036,2019-08-29,0.1664392948
AOI-0036,2019-09-15,0.1899748445
AOI-0036,2019-10-15,0.4089181423
AOI-0036,2019-10-19,0.4317972362
AOI-0036,2019-10-22,0.3907360435
AOI-0036,2020-04-04,0.4974803030
AOI-0036,2020-04-06,0.5034657717
AOI-0036,2020-05-24,0.4395123422
AOI-0036,2020-05-29,0.4272246063
AOI-0036,2020-06-11,0.3548632562
AOI-0036,2020-08-10,0.1404347867
AOI-0036,2020-08-19,0.1423276812
AOI-0036,2020-08-26,0.1394593120
AOI-0036,2020-08-28,0.1359582841
AOI-0036,2020-09-20,0.1422214508
AOI-0036,2020-10-19,0.1570325941
AOI-0036,2020-10-26,0.1407453269
AOI-0036,2021-06-26,0.2795589268
AOI-0036,2021-07-21,0.1976632625
AOI-0036,2021-07-26,0.1893717796
AOI-0036,2021-08-06,0.1743495762
AOI-0036,2021-08-17,0.2930479050
AOI-0036,2021-10-14,0.3489864469
AOI-0036,2022-04-07,0.3418265283
AOI-0036,2022-06-14,0.2550151646
AOI-0036,2022-06-26,0.2259388566
AOI-0036,2022-07-07,0.1720948964
AOI-0036,2022-07-21,0.2015817314
AOI-0036,2022-08-13,0.1394928098
AOI-0036,2022-08-22,0.1365144402
AOI-0036,2022-08-24,0.1418686062
AOI-0036,2022-09-14,0.1414310783
AOI-0036,2022-09-18,0.1375409365
AOI-0036,2023-04-17,0.4804478586
AOI-0036,2023-05-09,0.5747032166
AOI-0036,2023-06-18,0.4354094863
AOI-0036,2023-06-25,0.3511173427
AOI-0036,2023-07-02,0.3614310622
AOI-0036,2023-08-17,0.1987403035
AOI-0036,2023-09-29,0.2183257192
AOI-0036,2023-10-16,0.1886872351
AOI-0036,2023-10-23,0.1992319524
AOI-0036,2024-04-13,0.3869594038
AOI-0036,2024-05-06,0.4742213786
AOI-0036,2024-05-10,0.5069834590
AOI-0036,2024-05-16,0.4419216514
AOI-0036,2024-05-18,0.4202343822
AOI-0036,2024-05-23,0.3730646670
AOI-0036,2024-06-07,0.2742038965
AOI-0036,2024-07-22,0.1806991994
AOI-0036,2024-07-25,0.1570102572
AOI-0036,2024-08-21,0.1586679220
AOI-0036,2024-08-28,0.1049407274
AOI-0036,2024-09-15,0.1663087457
AOI-0036,2024-09-22,0.1488420963
AOI-0036,2024-09-25,0.1582687199
AOI-0036,2024-09-28,0.1676953435
AOI-0039,2010-04-07,0.4493493736
AOI-0039,2010-05-04,0.5110016465
AOI-0039,2010-05-28,0.5844477415
AOI-0039,2010-07-15,0.4455346167
AOI-0039,2010-09-30,0.3464229405
AOI-0039,2012-04-06,0.4258101285
AOI-0039,2012-09-06,0.3536078632
AOI-0039,2013-04-05,0.3408927619
AOI-0039,2013-06-13,0.4309223890
AOI-0039,2013-06-26,0.4066747129
AOI-0039,2013-07-12,0.2935855985
AOI-0039,2013-09-14,0.5398972034
AOI-0039,2014-04-07,0.4585486650
AOI-0039,2014-06-08,0.5062929392
AOI-0039,2014-06-23,0.3759793043
AOI-0039,2014-08-02,0.3774556816
AOI-0039,2014-09-04,0.3131699264
AOI-0039,2015-04-24,0.4507019222
AOI-0039,2015-05-10,0.5725750923
AOI-0039,2015-06-10,0.3988553286
AOI-0039,2015-07-28,0.3846253753
AOI-0039,2015-08-14,0.3681193590
AOI-0039,2015-08-21,0.3935108185
AOI-0039,2015-09-22,0.4229427874
AOI-0039,2015-09-23,0.4245403707
AOI-0039,2016-04-25,0.6515284181
AOI-0039,2016-05-08,0.6524310112
AOI-0039,2016-07-06,0.4146090746
AOI-0039,2016-09-08,0.3309275508
AOI-0039,2016-10-03,0.4095062912
AOI-0039,2016-10-15,0.3791404068
AOI-0039,2016-10-18,0.3715489507
AOI-0039,2017-04-13,0.4178093374
AOI-0039,2017-05-09,0.5682809353
AOI-0039,2017-08-13,0.4064562023
AOI-0039,2017-08-19,0.4004190862
AOI-0039,2017-09-10,0.4679156542
AOI-0039,2017-09-11,0.4791786075
AOI-0039,2017-09-17,0.5251420140
AOI-0039,2017-09-22,0.5105001330
AOI-0039,2018-05-01,0.5389944315
AOI-0039,2018-08-14,0.4048411250
AOI-0039,2018-08-21,0.4181212783
AOI-0039,2018-08-29,0.3754973114
AOI-0039,2019-04-25,0.4745163321
AOI-0039,2019-06-02,0.6480667591
AOI-0039,2019-06-10,0.4991390109
AOI-0039,2019-06-14,0.3700858057
AOI-0039,2019-07-04,0.3926900327
AOI-0039,2019-07-17,0.3894279003
AOI-0039,2019-08-01,0.4704078436
AOI-0039,2019-08-09,0.5172895789
AOI-0039,2019-08-11,0.4979569912
AOI-0039,2019-08-31,0.3709234595
AOI-0039,2019-09-12,0.3317854404
AOI-0039,2019-10-02,0.3934448659
AOI-0039,2019-10-11,0.4928957224
AOI-0039,2019-10-12,0.5026041269
AOI-0039,2019-10-16,0.5200978518
AOI-0039,2019-10-17,0.5084663630
AOI-0039,2019-10-25,0.3699169755
AOI-0039,2020-04-12,0.3853465319
AOI-0039,2020-04-21,0.3722165525
AOI-0039,2020-04-24,0.3359928131
AOI-0039,2020-05-14,0.5456365943
AOI-0039,2020-05-29,0.5487367511
AOI-0039,2020-06-28,0.4590194225
AOI-0039,2020-07-23,0.3350211978
AOI-0039,2020-07-25,0.3036721349
AOI-0039,2020-07-26,0.2879976034
AOI-0039,2020-08-03,0.3580836356
AOI-0039,2020-08-07,0.2636580169
AOI-0039,2020-08-18,0.3783944547
AOI-0039,2020-08-19,0.3819800317
AOI-0039,2020-08-27,0.3220145702
AOI-0039,2020-09-09,0.3498961031
AOI-0039,2020-10-11,0.2816669345
AOI-0039,2020-10-26,0.2997153401
AOI-0039,2021-04-23,0.3753950596
AOI-0039,2021-05-12,0.5855395198
AOI-0039,2021-05-17,0.5995072722
AOI-0039,2021-05-22,0.5728489757
AOI-0039,2021-06-26,0.4370015264
AOI-0039,2021-07-26,0.5072342157
AOI-0039,2021-08-07,0.4423852861
AOI-0039,2021-08-25,0.3272714615
AOI-0039,2021-08-29,0.4445419312
AOI-0039,2021-09-06,0.5151603818
AOI-0039,2021-09-19,0.4845494330
AOI-0039,2021-10-09,0.4451330304
AOI-0039,2022-04-12,0.4565622807
AOI-0039,2022-05-28,0.6018537879
AOI-0039,2022-06-05,0.7270036936
AOI-0039,2022-06-16,0.6198527217
AOI-0039,2022-07-06,0.5420632958
AOI-0039,2022-07-08,0.4966970384
AOI-0039,2022-08-13,0.4441367686
AOI-0039,2022-08-30,0.3250422776
AOI-0039,2022-10-01,0.3994063139
AOI-0039,2023-05-09,0.6459422112
AOI-0039,2023-06-13,0.6117023826
AOI-0039,2023-06-21,0.6905955076
AOI-0039,2023-06-23,0.6512082815
AOI-0039,2023-07-28,0.4531783462
AOI-0039,2023-07-31,0.4179544747
AOI-0039,2023-08-18,0.3894934058
AOI-0039,2023-09-30,0.4053474665
AOI-0039,2023-10-06,0.3918662071
AOI-0039,2023-10-11,0.4252375364
AOI-0039,2023-10-15,0.4481863379
AOI-0039,2023-10-29,0.4372604489
AOI-0039,2024-04-08,0.4864964783
AOI-0039,2024-05-23,0.6084128022
AOI-0039,2024-06-09,0.4927993715
AOI-0039,2024-06-19,0.5084650517
AOI-0039,2024-07-15,0.3560015857
AOI-0039,2024-07-21,0.3177468181
AOI-0039,2024-08-21,0.3295551538
AOI-0039,2024-08-31,0.3270381391
AOI-0039,2024-09-13,0.3211933076
AOI-0039,2024-09-18,0.2822923958
AOI-0039,2024-10-30,0.2221994400
AOI-0042,2010-06-04,0.2359993905
AOI-0042,2010-06-05,0.2338056117
AOI-0042,2010-07-15,0.2002095431
AOI-0042,2010-08-15,0.1542692780
AOI-0042,2010-08-31,0.1511002779
AOI-0042,2010-10-16,0.1753542572
AOI-0042,2011-05-14,0.6888711452
AOI-0042,2011-05-30,0.7143151164
AOI-0042,2011-07-02,0.2545000315
AOI-0042,2011-07-28,0.1662558764
AOI-0042,2011-08-13,0.1718178540
AOI-0042,2011-08-29,0.1778692305
AOI-0042,2011-09-27,0.2609256506
AOI-0042,2011-10-16,0.3458018899
AOI-0042,2012-06-25,0.2768778205
AOI-0042,2012-07-20,0.2729898095
AOI-0042,2012-08-28,0.2494563013
AOI-0042,2013-04-26,0.1984128207
AOI-0042,2013-05-11,0.2686696351
AOI-0042,2013-06-13,0.3993420005
AOI-0042,2013-09-08,0.3911261261
AOI-0042,2014-04-05,0.2680142522
AOI-0042,2014-06-16,0.2647913396
AOI-0042,2014-10-16,0.1242214143
AOI-0042,2015-07-13,0.2114637047
AOI-0042,2015-08-29,0.1163783893
AOI-0042,2015-09-06,0.1657425910
AOI-0042,2015-09-23,0.1764817238
AOI-0042,2015-10-16,0.1952602565
AOI-0042,2016-06-21,0.2278769016
AOI-0042,2016-07-15,0.1846484095
AOI-0042,2016-08-16,0.2181910574
AOI-0042,2017-04-13,0.1878100485
AOI-0042,2017-04-28,0.1927651018
AOI-0042,2017-05-07,0.2063837796
AOI-0042,2017-05-23,0.1915277839
AOI-0042,2017-06-07,0.2418256998
AOI-0042,2017-06-08,0.2516969442
AOI-0042,2017-07-25,0.1461380869
AOI-0042,2017-07-26,0.1463084370
AOI-0042,2017-08-03,0.1876569986
AOI-0042,2017-08-06,0.1677713841
AOI-0042,2017-08-13,0.1514163762
AOI-0042,2017-08-19,0.1763086617
AOI-0042,2017-08-26,0.1870466918
AOI-0042,2017-10-05,0.1811928004
AOI-0042,2018-05-05,0.6613014936
AOI-0042,2018-05-25,0.6066330075
AOI-0042,2018-06-12,0.3169004023
AOI-0042,2018-08-21,0.1931140423
AOI-0042,2018-10-01,0.2706512511
AOI-0042,2019-04-10,0.2118298113
AOI-0042,2019-04-27,0.1863405406
AOI-0042,2019-06-21,0.1476893574
AOI-0042,2019-06-22,0.1554208696
AOI-0042,2019-08-03,0.0956902727
AOI-0042,2019-08-16,0.1361296475
AOI-0042,2019-08-26,0.1360668540
AOI-0042,2019-09-02,0.1382316351
AOI-0042,2019-09-10,0.1623107493
AOI-0042,2019-09-22,0.1637568474
AOI-0042,2019-10-19,0.4656331241
AOI-0042,2019-10-20,0.4940266609
AOI-0042,2019-10-28,0.3231112361
AOI-0042,2020-04-06,0.8010214567
AOI-0042,2020-05-04,0.7986844778
AOI-0042,2020-07-03,0.1951154321
AOI-0042,2020-07-25,0.1094485745
AOI-0042,2020-08-27,0.1616955251
AOI-0042,2020-09-29,0.1325212419
AOI-0042,2021-04-07,0.1266961247
AOI-0042,2021-04-12,0.1108316854
AOI-0042,2021-05-17,0.1454391032
AOI-0042,2021-06-23,0.1405849904
AOI-0042,2021-07-01,0.1195576265
AOI-0042,2021-07-11,0.1735126674
AOI-0042,2021-07-13,0.1711463630
AOI-0042,2021-07-21,0.1370153129
AOI-0042,2021-07-28,0.1329961270
AOI-0042,2021-07-31,0.1284005642
AOI-0042,2021-08-17,0.1558320969
AOI-0042,2021-09-14,0.1327963173
AOI-0042,2022-04-12,0.5982294679
AOI-0042,2022-04-27,0.7864875793
AOI-0042,2022-05-09,0.8560280204
AOI-0042,2022-05-14,0.8265640140
AOI-0042,2022-05-25,0.8358759284
AOI-0042,2022-06-05,0.7847669721
AOI-0042,2022-06-21,0.3255200982
AOI-0042,2022-07-24,0.1006564498
AOI-0042,2022-08-10,0.1714755446
AOI-0042,2022-08-17,0.1281560212
AOI-0042,2022-09-14,0.1438948363
AOI-0042,2022-10-19,0.1416011155
AOI-0042,2023-04-23,0.1610648334
AOI-0042,2023-05-02,0.1517890096
AOI-0042,2023-05-19,0.2388367057
AOI-0042,2023-06-08,0.1531650275
AOI-0042,2023-06-10,0.1363774389
AOI-0042,2023-06-21,0.1913594902
AOI-0042,2023-06-23,0.1928996742
AOI-0042,2023-06-26,0.1772374660
AOI-0042,2023-07-03,0.1870731562
AOI-0042,2023-07-06,0.1870412529
AOI-0042,2023-07-28,0.1729760915
AOI-0042,2023-08-07,0.1467759013
AOI-0042,2023-08-08,0.1551740468
AOI-0042,2023-08-15,0.1624961793
AOI-0042,2023-08-20,0.1534718573
AOI-0042,2023-09-01,0.1401589960
AOI-0042,2023-10-01,0.2149656117
AOI-0042,2023-10-09,0.2007382959
AOI-0042,2023-10-30,0.4360827208
AOI-0042,2024-05-17,0.7939866185
AOI-0042,2024-05-23,0.6792075634
AOI-0042,2024-06-11,0.3299261034
AOI-0042,2024-06-18,0.2396747917
AOI-0042,2024-06-19,0.2385885864
AOI-0042,2024-07-02,0.1899218708
AOI-0042,2024-07-20,0.1644669920
AOI-0042,2024-07-29,0.1320762783
AOI-0042,2024-07-30,0.1299538165
AOI-0042,2024-08-12,0.1150763407
AOI-0042,2024-08-13,0.1158460006
AOI-0042,2024-08-16,0.1152332798
AOI-0042,2024-08-19,0.1131597087
AOI-0042,2024-08-21,0.1117773280
AOI-0042,2024-08-31,0.1540696025
AOI-0042,2024-09-15,0.1564176679
AOI-0042,2024-09-23,0.1643987745
AOI-0042,2024-09-25,0.1632516533
AOI-0042,2024-09-30,0.1570487171
AOI-0042,2024-10-01,0.1509710997
AOI-0042,2024-10-13,0.1634209454
AOI-0042,2024-10-30,0.1152402759
AOI-0047,2010-04-24,0.2644820809
AOI-0047,2010-05-09,0.2012378275
AOI-0047,2010-06-26,0.7599635720
AOI-0047,2010-07-21,0.7194513679
AOI-0047,2010-07-28,0.6633483768
AOI-0047,2011-05-25,0.6037274003
AOI-0047,2011-07-16,0.3497239053
AOI-0047,2011-08-13,0.1891773343
AOI-0047,2011-08-29,0.1869331747
AOI-0047,2012-07-02,0.5451446176
AOI-0047,2012-07-18,0.4161565006
AOI-0047,2012-09-29,0.1707533151
AOI-0047,2013-06-11,0.3037309349
AOI-0047,2013-07-21,0.3486653268
AOI-0047,2014-06-30,0.3235976100
AOI-0047,2014-07-12,0.2579990029
AOI-0047,2014-07-16,0.2361328155
AOI-0047,2015-06-01,0.7410174012
AOI-0047,2015-07-11,0.4412662089
AOI-0047,2015-09-14,0.2045315355
AOI-0047,2016-06-25,0.7843323946
AOI-0047,2016-08-28,0.4132537246
AOI-0047,2016-09-13,0.3445374668
AOI-0047,2016-10-09,0.2763963938
AOI-0047,2017-04-03,0.2054899633
AOI-0047,2017-04-07,0.1714716107
AOI-0047,2017-04-28,0.3126918674
AOI-0047,2017-07-28,0.1475351602
AOI-0047,2018-05-09,0.2046148181
AOI-0047,2018-06-09,0.1813197434
AOI-0047,2018-06-10,0.1859964430
AOI-0047,2018-06-15,0.2093799412
AOI-0047,2018-07-02,0.2413421124
AOI-0047,2018-07-28,0.3416980505
AOI-0047,2018-09-29,0.2573337555
AOI-0047,2018-10-07,0.2343569845
AOI-0047,2019-05-27,0.8987812400
AOI-0047,2019-05-28,0.8965299726
AOI-0047,2019-06-15,0.5447140336
AOI-0047,2019-06-30,0.2925765812
AOI-0047,2019-08-19,0.3624026179
AOI-0047,2019-08-29,0.2620893717
AOI-0047,2019-08-31,0.2505646050
AOI-0047,2019-09-14,0.2417328507
AOI-0047,2019-09-30,0.3019159734
AOI-0047,2019-10-13,0.3885105848
AOI-0047,2019-10-16,0.4050368369
AOI-0047,2020-04-06,0.1929105073
AOI-0047,2020-04-30,0.1929163188
AOI-0047,2020-06-04,0.2790271640
AOI-0047,2020-06-16,0.1875296682
AOI-0047,2020-07-16,0.1299187839
AOI-0047,2020-08-03,0.1711633354
AOI-0047,2020-08-08,0.1610403359
AOI-0047,2020-10-05,0.1826759428
AOI-0047,2020-10-20,0.1453149617
AOI-0047,2020-10-22,0.1610962301
AOI-0047,2021-05-16,0.8085834980
AOI-0047,2021-05-17,0.8118084073
AOI-0047,2021-05-20,0.8214831352
AOI-0047,2021-06-09,0.8040369153
AOI-0047,2021-07-11,0.2931588888
AOI-0047,2021-07-19,0.2238945663
AOI-0047,2021-08-30,0.3764915466
AOI-0047,2021-09-02,0.2877736092
AOI-0047,2021-09-07,0.3869973421
AOI-0047,2021-10-16,0.6392108202
AOI-0047,2022-04-05,0.2472372055
AOI-0047,2022-04-10,0.2675753236
AOI-0047,2022-05-30,0.1792073697
AOI-0047,2022-06-04,0.1501066685
AOI-0047,2022-06-08,0.1474472582
AOI-0047,2022-06-11,0.2892853320
AOI-0047,2022-06-19,0.2312072664
AOI-0047,2022-06-21,0.2156862020
AOI-0047,2022-07-14,0.1922584921
AOI-0047,2022-07-30,0.1545412391
AOI-0047,2022-08-07,0.1542108953
AOI-0047,2022-08-08,0.1545311660
AOI-0047,2022-08-10,0.1551717222
AOI-0047,2022-08-13,0.1561325490
AOI-0047,2022-08-30,0.2155251801
AOI-0047,2022-09-01,0.1757776290
AOI-0047,2022-10-18,0.3647456765
AOI-0047,2023-06-16,0.7846882343
AOI-0047,2023-07-17,0.1795072109
AOI-0047,2023-07-25,0.2082002014
AOI-0047,2023-07-26,0.2084970325
AOI-0047,2023-08-05,0.1976627558
AOI-0047,2023-08-15,0.1515502632
AOI-0047,2023-09-17,0.1632014215
AOI-0047,2023-09-22,0.1608054191
AOI-0047,2023-09-27,0.1574014127
AOI-0047,2023-10-04,0.1645649821
AOI-0047,2023-10-22,0.1658718139
AOI-0047,2024-04-29,0.2864225805
AOI-0047,2024-05-04,0.2272750586
AOI-0047,2024-05-24,0.1806050092
AOI-0047,2024-06-10,0.3526015282
AOI-0047,2024-06-25,0.2725887597
AOI-0047,2024-07-30,0.2748459578
AOI-0047,2024-09-11,0.1892781556
AOI-0047,2024-10-08,0.1495460272
AOI-0047,2024-10-13,0.0266171452
AOI-0047,2024-10-15,0.0594165623
AOI-0049,2010-08-04,0.4972882569
AOI-0049,2010-08-28,0.1830510944
AOI-0049,2010-09-05,0.1473401785
AOI-0049,2010-09-30,0.2825196683
AOI-0049,2011-04-26,0.6682288647
AOI-0049,2011-05-25,0.8520365953
AOI-0049,2011-05-27,0.8527815342
AOI-0049,2011-06-12,0.6709701419
AOI-0049,2011-07-12,0.2733089924
AOI-0049,2011-09-08,0.2386698276
AOI-0049,2011-09-24,0.1925704777
AOI-0049,2011-10-11,0.3534992039
AOI-0049,2011-10-27,0.4058407247
AOI-0049,2012-05-06,0.2932945192
AOI-0049,2012-05-08,0.2855886519
AOI-0049,2012-09-18,0.3041712940
AOI-0049,2012-10-15,0.2431568503
AOI-0049,2013-05-25,0.3331584632
AOI-0049,2013-06-17,0.6038855910
AOI-0049,2013-07-11,0.7417282462
AOI-0049,2013-08-05,0.6037674546
AOI-0049,2013-08-20,0.4138123095
AOI-0049,2013-09-30,0.2269776613
AOI-0049,2013-10-24,0.1642034948
AOI-0049,2014-04-18,0.7529651523
AOI-0049,2014-05-09,0.8272398710
AOI-0049,2014-07-12,0.2181034237
AOI-0049,2014-09-16,0.3173167408
AOI-0049,2015-04-13,0.2663266957
AOI-0049,2015-05-22,0.2792267501
AOI-0049,2015-07-12,0.8394932747
AOI-0049,2015-07-25,0.7989388108
AOI-0049,2015-07-28,0.7817982435
AOI-0049,2015-09-30,0.1783865988
AOI-0049,2015-10-30,0.1364805251
AOI-0049,2016-04-22,0.8616850376
AOI-0049,2016-08-28,0.2220003009
AOI-0049,2016-09-14,0.2639219165
AOI-0049,2016-09-29,0.4715502262
AOI-0049,2017-06-21,0.8311548233
AOI-0049,2017-07-14,0.7965331078
AOI-0049,2017-08-13,0.3950528204
AOI-0049,2017-09-13,0.3033305109
AOI-0049,2017-09-17,0.2493618429
AOI-0049,2018-05-09,0.8553472161
AOI-0049,2018-06-16,0.2734676600
AOI-0049,2018-06-24,0.2845601737
AOI-0049,2018-07-10,0.1857630908
AOI-0049,2018-08-02,0.2100702077
AOI-0049,2018-08-10,0.2086531669
AOI-0049,2018-08-27,0.1877693534
AOI-0049,2018-09-18,0.1558943242
AOI-0049,2018-10-06,0.1464673579
AOI-0049,2019-04-21,0.4275039732
AOI-0049,2019-07-12,0.6952280998
AOI-0049,2019-09-03,0.3011703491
AOI-0049,2019-09-23,0.1106397584
AOI-0049,2020-04-02,0.6019439101
AOI-0049,2020-04-18,0.7025969028
AOI-0049,2020-04-25,0.7601169348
AOI-0049,2020-04-26,0.7573148012
AOI-0049,2020-05-11,0.8659351468
AOI-0049,2020-05-28,0.8519642353
AOI-0049,2020-06-05,0.8066156507
AOI-0049,2020-07-15,0.1236857474
AOI-0049,2020-07-31,0.1736311316
AOI-0049,2020-08-13,0.2101788372
AOI-0049,2020-08-15,0.1745904833
AOI-0049,2020-08-31,0.1777557880
AOI-0049,2020-09-02,0.1568688601
AOI-0049,2020-09-13,0.1618606001
AOI-0049,2020-09-27,0.2014128715
AOI-0049,2020-10-07,0.0981014743
AOI-0049,2021-04-23,0.2626130581
AOI-0049,2021-06-09,0.7714295387
AOI-0049,2021-07-18,0.7898392677
AOI-0049,2021-07-19,0.7891923785
AOI-0049,2021-07-24,0.7859577537
AOI-0049,2021-08-08,0.6478907466
AOI-0049,2021-09-27,0.2389841676
AOI-0049,2021-09-28,0.2450911403
AOI-0049,2022-06-24,0.4406748414
AOI-0049,2022-07-13,0.1932190955
AOI-0049,2022-08-28,0.2545761168
AOI-0049,2022-08-30,0.2370816022
AOI-0049,2022-09-06,0.1512537301
AOI-0049,2022-09-14,0.1268124729
AOI-0049,2022-10-08,0.1718626916
AOI-0049,2023-06-22,0.4630846381
AOI-0049,2023-06-23,0.4206847548
AOI-0049,2023-07-15,0.2681519985
AOI-0049,2023-07-23,0.1624540389
AOI-0049,2023-08-08,0.3456729054
AOI-0049,2023-08-24,0.3447932005
AOI-0049,2023-09-12,0.2393217832
AOI-0049,2023-09-14,0.2312430739
AOI-0049,2023-09-22,0.2356591225
AOI-0049,2023-10-02,0.2290040404
AOI-0049,2024-06-23,0.5989499688
AOI-0049,2024-08-17,0.4239072800
AOI-0049,2024-08-28,0.1171131507
AOI-0049,2024-09-16,0.2249269933
AOI-0049,2024-09-29,0.2078474164
AOI-0049,2024-10-01,0.2050368190
AOI-0054,2010-07-19,0.7651111484
AOI-0054,2010-09-06,0.6076896787
AOI-0054,2010-09-30,0.5835654736
AOI-0054,2011-04-07,0.3782471418
AOI-0054,2011-05-09,0.5402031541
AOI-0054,2011-05-25,0.7727473378
AOI-0054,2011-05-27,0.8086415529
AOI-0054,2011-06-10,0.8559545279
AOI-0054,2011-06-20,0.8087722063
AOI-0054,2011-08-23,0.7530300021
AOI-0054,2011-10-16,0.6749289036
AOI-0054,2012-07-09,0.7275899053
AOI-0054,2012-07-16,0.7217024565
AOI-0054,2012-08-26,0.7075608373
AOI-0054,2012-09-29,0.6264277697
AOI-0054,2012-10-20,0.6491268873
AOI-0054,2013-08-21,0.6787315011
AOI-0054,2014-04-07,0.5583146214
AOI-0054,2014-05-09,0.8514730930
AOI-0054,2014-06-28,0.7380540371
AOI-0054,2014-07-28,0.7927332520
AOI-0054,2014-08-07,0.7206774950
AOI-0054,2014-08-08,0.7163187861
AOI-0054,2014-08-13,0.6945251226
AOI-0054,2014-08-15,0.6858076453
AOI-0054,2014-10-11,0.5559281111
AOI-0054,2015-07-25,0.7899754643
AOI-0054,2015-08-26,0.7367731929
AOI-0054,2015-08-27,0.7390059233
AOI-0054,2015-08-29,0.7434713244
AOI-0054,2015-09-20,0.7054696679
AOI-0054,2015-10-06,0.6642171144
AOI-0054,2016-04-30,0.7730132341
AOI-0054,2016-07-03,0.7623316646
AOI-0054,2016-08-29,0.7605085969
AOI-0054,2016-09-29,0.7448046207
AOI-0054,2017-05-03,0.7260046601
AOI-0054,2017-05-11,0.8395522237
AOI-0054,2017-05-19,0.8469111323
AOI-0054,2017-05-27,0.8663160205
AOI-0054,2017-06-10,0.8627685308
AOI-0054,2017-07-06,0.7883550525
AOI-0054,2017-09-01,0.5349815488
AOI-0054,2017-09-18,0.6990454793
AOI-0054,2017-09-24,0.6248014569
AOI-0054,2017-10-11,0.6874050498
AOI-0054,2018-04-04,0.3783889711
AOI-0054,2018-04-21,0.7190758586
AOI-0054,2018-04-28,0.7889327407
AOI-0054,2018-04-29,0.7894636989
AOI-0054,2018-05-01,0.7905256152
AOI-0054,2018-05-11,0.8224145174
AOI-0054,2018-06-15,0.7678240538
AOI-0054,2018-06-16,0.7780034542
AOI-0054,2018-07-09,0.6968834996
AOI-0054,2018-09-12,0.7213063240
AOI-0054,2018-10-13,0.6605326533
AOI-0054,2018-10-29,0.5434814095
AOI-0054,2019-04-07,0.4181631207
AOI-0054,2019-05-25,0.8418345451
AOI-0054,2019-05-31,0.8534137607
AOI-0054,2019-06-15,0.8249665499
AOI-0054,2019-06-18,0.8360676765
AOI-0054,2019-06-27,0.8292884827
AOI-0054,2019-07-04,0.8199926615
AOI-0054,2019-07-05,0.8226074576
AOI-0054,2019-07-12,0.8409110308
AOI-0054,2019-07-28,0.8220880628
AOI-0054,2019-07-29,0.8171203732
AOI-0054,2019-08-14,0.8112519383
AOI-0054,2019-08-29,0.7206499577
AOI-0054,2019-08-30,0.7152248621
AOI-0054,2019-09-15,0.5658310056
AOI-0054,2019-10-09,0.7106193900
AOI-0054,2020-04-02,0.5172249675
AOI-0054,2020-04-09,0.5369303823
AOI-0054,2020-04-10,0.5434988737
AOI-0054,2020-04-22,0.6328927279
AOI-0054,2020-04-30,0.6567228436
AOI-0054,2020-05-11,0.8040024638
AOI-0054,2020-05-30,0.8315575719
AOI-0054,2020-06-28,0.7555016875
AOI-0054,2020-08-03,0.8048347235
AOI-0054,2020-09-07,0.7810651660
AOI-0054,2020-09-09,0.7675429583
AOI-0054,2020-10-17,0.4830310345
AOI-0054,2020-10-27,0.4830310345
AOI-0054,2021-04-29,0.7406756878
AOI-0054,2021-05-09,0.7680591345
AOI-0054,2021-05-20,0.7772238255
AOI-0054,2021-06-16,0.8509402871
AOI-0054,2021-07-02,0.8444775939
AOI-0054,2021-07-18,0.8017455339
AOI-0054,2021-07-24,0.8009916544
AOI-0054,2021-09-07,0.7728681564
AOI-0054,2021-10-16,0.6194009781
AOI-0054,2021-10-22,0.6125323176
AOI-0054,2021-10-30,0.5759101510
AOI-0054,2022-06-03,0.8703607917
AOI-0054,2022-06-10,0.8863220215
AOI-0054,2022-06-26,0.8381027579
AOI-0054,2022-07-12,0.8052032590
AOI-0054,2022-07-29,0.7095497847
AOI-0054,2022-08-06,0.8005838394
AOI-0054,2022-08-18,0.7349810004
AOI-0054,2022-08-29,0.7068809867
AOI-0054,2023-04-07,0.5894479156
AOI-0054,2023-04-23,0.7501226664
AOI-0054,2023-05-28,0.7261594534
AOI-0054,2023-06-10,0.8709474206
AOI-0054,2023-06-22,0.8328606486
AOI-0054,2023-07-07,0.7429971099
AOI-0054,2023-09-07,0.6282099485
AOI-0054,2023-10-11,0.7280002236
AOI-0054,2024-04-04,0.5552067757
AOI-0054,2024-05-07,0.8460332155
AOI-0054,2024-05-08,0.8347423673
AOI-0054,2024-05-22,0.8100320697
AOI-0054,2024-05-23,0.8431952596
AOI-0054,2024-06-24,0.7847096324
AOI-0054,2024-07-13,0.7487890720
AOI-0054,2024-07-18,0.7954661250
AOI-0054,2024-08-18,0.8115691543
AOI-0054,2024-09-16,0.6769495606
AOI-0054,2024-09-21,0.7451644540
AOI-0054,2024-09-29,0.6960940957
AOI-0054,2024-10-05,0.6856991053
AOI-0054,2024-10-30,0.6796094775
AOI-0057,2010-04-15,0.2255306393
AOI-0057,2010-04-30,0.3562916517
AOI-0057,2010-05-01,0.3689180017
AOI-0057,2010-05-08,0.4573025703
AOI-0057,2010-06-10,0.6249923706
AOI-0057,2010-07-27,0.5741508007
AOI-0057,2010-08-05,0.5506383777
AOI-0057,2010-09-14,0.3315855861
AOI-0057,2011-05-25,0.9166132212
AOI-0057,2011-06-10,0.8470807672
AOI-0057,2011-06-13,0.8099811077
AOI-0057,2011-07-07,0.3011132479
AOI-0057,2011-08-08,0.4282653034
AOI-0057,2011-09-16,0.2368916720
AOI-0057,2011-10-11,0.3304877877
AOI-0057,2012-07-16,0.7968035340
AOI-0057,2012-09-18,0.2604322731
AOI-0057,2013-04-07,0.7401919365
AOI-0057,2013-09-14,0.2207733840
AOI-0057,2013-09-22,0.2914817631
AOI-0057,2014-04-17,0.5273022652
AOI-0057,2014-04-18,0.5652078986
AOI-0057,2014-04-25,0.7066344023
AOI-0057,2014-05-09,0.7686532736
AOI-0057,2014-06-05,0.6202348471
AOI-0057,2014-07-15,0.3904184401
AOI-0057,2014-07-23,0.3690075874
AOI-0057,2014-08-16,0.2622660995
AOI-0057,2014-08-23,0.2452085167
AOI-0057,2014-10-02,0.2380897403
AOI-0057,2014-10-11,0.2270617187
AOI-0057,2014-10-16,0.2209350467
AOI-0057,2015-05-25,0.9043295383
AOI-0057,2015-10-30,0.1650501937
AOI-0057,2016-05-08,0.9208036065
AOI-0057,2016-06-26,0.3954998851
AOI-0057,2016-07-28,0.2935107350
AOI-0057,2016-08-12,0.4045026302
AOI-0057,2017-05-04,0.4062581360
AOI-0057,2017-05-06,0.5278986096
AOI-0057,2017-06-10,0.7626312971
AOI-0057,2017-07-30,0.7667124867
AOI-0057,2017-08-08,0.8188789487
AOI-0057,2017-09-01,0.4554119706
AOI-0057,2017-09-14,0.3743343055
AOI-0057,2017-09-17,0.3841086328
AOI-0057,2017-09-25,0.3762046397
AOI-0057,2018-04-11,0.6364378929
AOI-0057,2018-05-06,0.8555837870
AOI-0057,2018-07-18,0.2576109767
AOI-0057,2018-08-02,0.3507202566
AOI-0057,2018-08-19,0.1748431772
AOI-0057,2018-08-26,0.1582114995
AOI-0057,2018-10-29,0.1778075248
AOI-0057,2019-04-11,0.2230907679
AOI-0057,2019-04-21,0.2316239923
AOI-0057,2019-05-01,0.4353247285
AOI-0057,2019-05-02,0.4555021822
AOI-0057,2019-05-06,0.5362119675
AOI-0057,2019-07-05,0.7234604955
AOI-0057,2019-07-20,0.6060265303
AOI-0057,2019-08-05,0.3596881926
AOI-0057,2019-08-21,0.2318574488
AOI-0057,2019-08-24,0.2729060948
AOI-0057,2019-09-23,0.1565385759
AOI-0057,2019-10-13,0.2250373065
AOI-0057,2019-10-25,0.1342312545
AOI-0057,2020-04-17,0.2579871416
AOI-0057,2020-08-15,0.1494714916
AOI-0057,2020-08-23,0.1823021770
AOI-0057,2020-09-09,0.1281988770
AOI-0057,2020-09-13,0.1495818794
AOI-0057,2020-09-25,0.1309068501
AOI-0057,2020-09-27,0.1359863430
AOI-0057,2020-09-29,0.1410658509
AOI-0057,2020-10-03,0.1512248516
AOI-0057,2021-04-15,0.6467944384
AOI-0057,2021-06-19,0.7726811767
AOI-0057,2021-08-13,0.2172600180
AOI-0057,2021-09-04,0.4695467055
AOI-0057,2022-05-27,0.5774429440
AOI-0057,2022-06-26,0.1928288341
AOI-0057,2022-06-29,0.2383355647
AOI-0057,2022-07-09,0.2938779891
AOI-0057,2022-07-12,0.3298300505
AOI-0057,2022-07-28,0.1731988639
AOI-0057,2022-08-03,0.2303988487
AOI-0057,2022-08-13,0.1763560921
AOI-0057,2022-08-18,0.2036351413
AOI-0057,2022-09-14,0.1291300952
AOI-0057,2022-10-17,0.4047605097
AOI-0057,2023-04-26,0.8917402625
AOI-0057,2023-05-04,0.9047595263
AOI-0057,2023-06-26,0.3487639725
AOI-0057,2023-07-12,0.4026052952
AOI-0057,2023-07-15,0.4160070121
AOI-0057,2023-08-23,0.4675315022
AOI-0057,2023-09-10,0.2334619313
AOI-0057,2024-05-04,0.6713746786
AOI-0057,2024-05-06,0.6976723075
AOI-0057,2024-05-07,0.7108210921
AOI-0057,2024-05-22,0.6618349552
AOI-0057,2024-06-08,0.7861582041
AOI-0057,2024-06-16,0.7282395363
AOI-0057,2024-06-24,0.6490266323
AOI-0057,2024-07-18,0.4557988942
AOI-0057,2024-07-28,0.3734748960
AOI-0057,2024-09-13,0.2163331509
AOI-0066,2010-07-13,0.6462458968
AOI-0066,2011-05-25,0.8577010632
AOI-0066,2012-04-13,0.6528421044
AOI-0066,2012-07-11,0.3101524115
AOI-0066,2012-07-27,0.2277295738
AOI-0066,2012-09-20,0.4022124708
AOI-0066,2012-10-06,0.5063559413
AOI-0066,2012-10-22,0.5267992020
AOI-0066,2013-05-09,0.3106220067
AOI-0066,2013-05-25,0.4239422381
AOI-0066,2013-06-19,0.5990055203
AOI-0066,2013-09-23,0.2945410907
AOI-0066,2013-10-09,0.3285325766
AOI-0066,2014-04-03,0.7307339907
AOI-0066,2014-10-04,0.4703358114
AOI-0066,2015-04-06,0.8295514584
AOI-0066,2015-06-01,0.7829013467
AOI-0066,2015-07-27,0.3518759608
AOI-0066,2015-07-28,0.3377645314
AOI-0066,2015-09-29,0.3512963057
AOI-0066,2016-05-08,0.8936279416
AOI-0066,2016-06-03,0.6245259643
AOI-0066,2016-06-19,0.4458316863
AOI-0066,2016-06-27,0.3722850680
AOI-0066,2016-07-11,0.2398721874
AOI-0066,2016-08-12,0.3263665140
AOI-0066,2016-08-22,0.3166218698
AOI-0066,2017-05-09,0.8609629273
AOI-0066,2017-06-10,0.8824604750
AOI-0066,2017-08-13,0.1226349473
AOI-0066,2017-08-21,0.1971324384
AOI-0066,2018-05-09,0.3050065935
AOI-0066,2018-06-01,0.7626073956
AOI-0066,2018-07-02,0.7313649058
AOI-0066,2018-09-05,0.2364201695
AOI-0066,2018-10-08,0.1939228326
AOI-0066,2018-10-13,0.2008778602
AOI-0066,2019-04-07,0.6035905480
AOI-0066,2019-04-28,0.7936087251
AOI-0066,2019-05-11,0.7637118697
AOI-0066,2019-06-20,0.3150582612
AOI-0066,2019-07-02,0.2307048440
AOI-0066,2019-07-14,0.2875489593
AOI-0066,2019-08-11,0.2562423348
AOI-0066,2019-08-29,0.1587747484
AOI-0066,2019-10-15,0.6681461930
AOI-0066,2019-10-18,0.6853923798
AOI-0066,2020-05-08,0.4325400293
AOI-0066,2020-05-24,0.6248554587
AOI-0066,2020-05-30,0.6538218856
AOI-0066,2020-06-11,0.5219733119
AOI-0066,2020-07-11,0.1956112832
AOI-0066,2020-07-27,0.1471834481
AOI-0066,2020-08-09,0.1522392929
AOI-0066,2020-08-15,0.2684839368
AOI-0066,2020-09-07,0.1432711333
AOI-0066,2021-05-12,0.3589444757
AOI-0066,2021-08-05,0.7014616728
AOI-0066,2021-08-20,0.4523451030
AOI-0066,2021-08-23,0.4010835886
AOI-0066,2021-09-27,0.1371727884
AOI-0066,2021-10-16,0.1238690019
AOI-0066,2021-10-27,0.2157972604
AOI-0066,2022-04-23,0.7264046073
AOI-0066,2022-04-25,0.7477428317
AOI-0066,2022-05-30,0.8872332573
AOI-0066,2022-06-04,0.8754264712
AOI-0066,2022-07-12,0.1690041423
AOI-0066,2022-07-21,0.1521832794
AOI-0066,2022-07-22,0.1519991457
AOI-0066,2022-08-23,0.1688535661
AOI-0066,2022-09-08,0.1665053666
AOI-0066,2022-09-09,0.1638671905
AOI-0066,2022-09-18,0.2379001826
AOI-0066,2022-09-27,0.2700493932
AOI-0066,2022-09-29,0.2771936655
AOI-0066,2022-10-02,0.2607367635
AOI-0066,2022-10-07,0.2106641978
AOI-0066,2022-10-18,0.1880277842
AOI-0066,2022-10-22,0.1875679940
AOI-0066,2023-04-04,0.2245321423
AOI-0066,2023-04-07,0.2551851273
AOI-0066,2023-05-15,0.8000603318
AOI-0066,2023-06-07,0.7856943011
AOI-0066,2023-06-10,0.8421934843
AOI-0066,2023-06-11,0.8396909237
AOI-0066,2023-06-26,0.3797467053
AOI-0066,2023-07-04,0.2949144244
AOI-0066,2023-07-26,0.3898067474
AOI-0066,2023-08-08,0.2331360132
AOI-0066,2023-08-10,0.2110547572
AOI-0066,2023-08-13,0.1779328734
AOI-0066,2023-08-23,0.1612932831
AOI-0066,2023-09-07,0.1931620389
AOI-0066,2023-09-30,0.1550583839
AOI-0066,2023-10-13,0.1982579678
AOI-0066,2023-10-16,0.1302060038
AOI-0066,2024-04-06,0.8262114525
AOI-0066,2024-05-21,0.9001001120
AOI-0066,2024-06-17,0.4109883606
AOI-0066,2024-06-23,0.2970225811
AOI-0066,2024-06-28,0.2188696861
AOI-0066,2024-07-05,0.1989834309
AOI-0066,2024-07-19,0.1214866415
AOI-0066,2024-08-09,0.1514029503
AOI-0066,2024-09-26,0.1572217792
AOI-0072,2010-04-07,0.4332365692
AOI-0072,2010-08-13,0.1908991039
AOI-0072,2010-08-15,0.1908225566
AOI-0072,2010-08-23,0.2040047497
AOI-0072,2010-08-30,0.2491569519
AOI-0072,2011-04-07,0.2041796297
AOI-0072,2011-05-05,0.3473499715
AOI-0072,2011-07-12,0.1674688458
AOI-0072,2011-07-24,0.2257116288
AOI-0072,2011-08-01,0.1723402441
AOI-0072,2011-09-03,0.1622495204
AOI-0072,2012-04-06,0.5266417861
AOI-0072,2012-10-15,0.1381517202
AOI-0072,2013-04-16,0.1947746128
AOI-0072,2013-05-02,0.2182509750
AOI-0072,2013-05-19,0.2739920616
AOI-0072,2013-07-29,0.2128747851
AOI-0072,2013-10-16,0.2445467860
AOI-0072,2014-04-23,0.5599787831
AOI-0072,2014-06-30,0.2511937320
AOI-0072,2014-07-17,0.2654649019
AOI-0072,2014-07-24,0.2940949202
AOI-0072,2014-08-17,0.2242531478
AOI-0072,2014-08-29,0.2866896391
AOI-0072,2014-09-03,0.2867818177
AOI-0072,2014-09-26,0.3077270687
AOI-0072,2014-10-28,0.2525249720
AOI-0072,2014-10-29,0.2525249720
AOI-0072,2015-04-07,0.1637171209
AOI-0072,2015-04-23,0.2358154655
AOI-0072,2015-08-04,0.1422356218
AOI-0072,2016-04-06,0.7466149330
AOI-0072,2016-04-09,0.7539506555
AOI-0072,2016-04-17,0.8126366735
AOI-0072,2016-05-26,0.7387657762
AOI-0072,2016-06-27,0.3298192024
AOI-0072,2016-07-13,0.2348127812
AOI-0072,2016-08-22,0.2580829263
AOI-0072,2016-09-29,0.2301816195
AOI-0072,2017-04-03,0.1407708526
AOI-0072,2017-04-23,0.1631452888
AOI-0072,2017-05-29,0.2975529730
AOI-0072,2017-05-30,0.2871544063
AOI-0072,2017-07-12,0.1515330821
AOI-0072,2017-07-24,0.1577632725
AOI-0072,2017-07-25,0.1522596627
AOI-0072,2017-08-06,0.1861271560
AOI-0072,2017-08-29,0.1393525451
AOI-0072,2017-09-03,0.1419969350
AOI-0072,2017-09-20,0.3532354832
AOI-0072,2017-09-26,0.4266818762
AOI-0072,2017-10-12,0.4996522665
AOI-0072,2018-04-07,0.5563971996
AOI-0072,2018-04-15,0.5866812468
AOI-0072,2018-05-01,0.7661247849
AOI-0072,2018-05-03,0.7440518737
AOI-0072,2018-06-07,0.4303744733
AOI-0072,2018-08-05,0.2000475824
AOI-0072,2018-08-28,0.1884452403
AOI-0072,2018-09-06,0.1852904558
AOI-0072,2018-09-22,0.1305649877
AOI-0072,2019-04-25,0.1583931148
AOI-0072,2019-04-26,0.1575594544
AOI-0072,2019-05-04,0.1673034728
AOI-0072,2019-05-28,0.2339552939
AOI-0072,2019-06-12,0.2129888386
AOI-0072,2019-07-14,0.1842164844
AOI-0072,2019-07-17,0.1459803134
AOI-0072,2019-08-06,0.1853336990
AOI-0072,2019-08-16,0.1823077500
AOI-0072,2019-09-09,0.1581116319
AOI-0072,2019-09-14,0.1577850431
AOI-0072,2019-09-17,0.2251558155
AOI-0072,2019-09-30,0.3767314255
AOI-0072,2019-10-15,0.6265246868
AOI-0072,2019-10-20,0.7167378664
AOI-0072,2019-10-27,0.7646191120
AOI-0072,2020-04-06,0.7647051811
AOI-0072,2020-04-27,0.7829720974
AOI-0072,2020-05-08,0.7707021236
AOI-0072,2020-05-24,0.6791678667
AOI-0072,2020-06-30,0.2044845372
AOI-0072,2020-09-19,0.1592689455
AOI-0072,2020-09-24,0.1509949565
AOI-0072,2020-09-26,0.1476853639
AOI-0072,2020-10-05,0.1319709420
AOI-0072,2020-10-14,0.1194779873
AOI-0072,2020-10-21,0.1676643193
AOI-0072,2021-04-22,0.3533897698
AOI-0072,2021-07-11,0.2442436367
AOI-0072,2021-08-29,0.2072039247
AOI-0072,2022-04-10,0.1633127779
AOI-0072,2022-04-26,0.2111392915
AOI-0072,2022-06-29,0.1671646535
AOI-0072,2022-07-15,0.1728689373
AOI-0072,2022-08-23,0.1717767715
AOI-0072,2022-08-27,0.1908225715
AOI-0072,2023-04-29,0.8580977917
AOI-0072,2023-06-25,0.2398270965
AOI-0072,2023-07-21,0.2436571568
AOI-0072,2023-07-22,0.2434157878
AOI-0072,2023-07-26,0.2176605463
AOI-0072,2023-08-02,0.2677865922
AOI-0072,2023-08-03,0.2670746446
AOI-0072,2023-08-05,0.2656507492
AOI-0072,2023-08-13,0.2370779365
AOI-0072,2023-08-23,0.2483182698
AOI-0072,2023-09-19,0.2475147396
AOI-0072,2023-10-29,0.2394180298
AOI-0072,2024-04-01,0.2856081724
AOI-0072,2024-05-09,0.3038566411
AOI-0072,2024-05-21,0.2190327644
AOI-0072,2024-06-09,0.1367589682
AOI-0072,2024-06-30,0.1796430051
AOI-0072,2024-07-11,0.1570232064
AOI-0072,2024-07-25,0.1614163667
AOI-0072,2024-08-20,0.1504116505
AOI-0072,2024-09-08,0.1702034622
AOI-0072,2024-09-22,0.1641237438
AOI-0072,2024-09-30,0.1599564850
AOI-0078,2010-04-15,0.2205044478
AOI-0078,2010-05-01,0.3454344571
AOI-0078,2010-06-09,0.6393284798
AOI-0078,2010-07-04,0.4476171732
AOI-0078,2011-04-01,0.0476792827
AOI-0078,2011-07-06,0.7218708396
AOI-0078,2011-08-08,0.6693169475
AOI-0078,2011-08-13,0.5644352436
AOI-0078,2011-09-14,0.3888059855
AOI-0078,2011-09-17,0.3996468782
AOI-0078,2011-09-24,0.4249422848
AOI-0078,2012-06-07,0.7691767812
AOI-0078,2012-09-27,0.3774230182
AOI-0078,2012-10-04,0.3966407776
AOI-0078,2013-04-03,0.3296355009
AOI-0078,2013-07-11,0.3793979883
AOI-0078,2013-07-28,0.5150065422
AOI-0078,2013-08-29,0.3195737004
AOI-0078,2013-10-16,0.3923346996
AOI-0078,2014-06-26,0.8662470579
AOI-0078,2014-07-31,0.7445297837
AOI-0078,2015-07-01,0.4409672618
AOI-0078,2015-09-11,0.3500560820
AOI-0078,2016-04-22,0.2583798170
AOI-0078,2016-07-04,0.8244340420
AOI-0078,2016-09-22,0.7569535971
AOI-0078,2016-10-24,0.4365705848
AOI-0078,2017-04-29,0.2647177875
AOI-0078,2017-05-03,0.2145926952
AOI-0078,2017-05-06,0.2343386412
AOI-0078,2017-05-09,0.2827544808
AOI-0078,2017-09-30,0.2682879865
AOI-0078,2018-06-07,0.7702687979
AOI-0078,2018-06-18,0.5575858355
AOI-0078,2018-07-10,0.3656092882
AOI-0078,2018-08-10,0.3540027738
AOI-0078,2018-09-12,0.2108882219
AOI-0078,2018-09-28,0.3704405129
AOI-0078,2018-10-01,0.3735949099
AOI-0078,2018-10-14,0.2469348609
AOI-0078,2019-04-07,0.1606161147
AOI-0078,2019-04-23,0.1580837816
AOI-0078,2019-05-06,0.3468506336
AOI-0078,2019-05-16,0.3289598525
AOI-0078,2019-05-24,0.6017118692
AOI-0078,2019-06-02,0.4877331555
AOI-0078,2019-06-10,0.6078507304
AOI-0078,2019-06-13,0.6446304321
AOI-0078,2019-06-25,0.6873397827
AOI-0078,2019-07-04,0.6450448632
AOI-0078,2019-07-23,0.5299374461
AOI-0078,2019-07-28,0.7405882478
AOI-0078,2019-08-07,0.8291596174
AOI-0078,2019-08-09,0.8492017984
AOI-0078,2019-08-21,0.8813085556
AOI-0078,2019-08-29,0.8602985740
AOI-0078,2019-09-13,0.8043764234
AOI-0078,2019-09-28,0.5212550163
AOI-0078,2019-10-16,0.3493054807
AOI-0078,2020-04-05,0.1921145022
AOI-0078,2020-04-06,0.1908912808
AOI-0078,2020-04-23,0.5937413573
AOI-0078,2020-05-19,0.5098394752
AOI-0078,2020-06-12,0.8817148805
AOI-0078,2020-06-28,0.3162736893
AOI-0078,2020-07-24,0.1406412721
AOI-0078,2020-08-06,0.2221453190
AOI-0078,2020-08-08,0.2038463056
AOI-0078,2020-08-12,0.1424037516
AOI-0078,2020-09-08,0.1186675951
AOI-0078,2020-09-15,0.2432204336
AOI-0078,2020-09-24,0.1229007840
AOI-0078,2020-09-25,0.1272358000
AOI-0078,2020-10-15,0.1054306701
AOI-0078,2020-10-22,0.1532580703
AOI-0078,2020-10-26,0.1532580703
AOI-0078,2021-04-10,0.2026123106
AOI-0078,2021-05-14,0.2507032156
AOI-0078,2021-05-15,0.2625545561
AOI-0078,2021-05-25,0.3810681701
AOI-0078,2021-06-17,0.8417220712
AOI-0078,2021-06-22,0.7729071975
AOI-0078,2021-06-23,0.7596819997
AOI-0078,2021-06-26,0.7525911927
AOI-0078,2021-07-09,0.6915208101
AOI-0078,2021-08-01,0.5656600595
AOI-0078,2021-08-21,0.5664053559
AOI-0078,2021-08-29,0.5253365636
AOI-0078,2021-09-03,0.5543820262
AOI-0078,2021-09-15,0.5658550858
AOI-0078,2021-10-27,0.3674196303
AOI-0078,2021-10-30,0.3674196303
AOI-0078,2022-04-07,0.3264840245
AOI-0078,2022-05-03,0.6824154258
AOI-0078,2022-06-19,0.7781102061
AOI-0078,2022-06-27,0.6073821783
AOI-0078,2022-07-17,0.2187756300
AOI-0078,2022-07-24,0.2330367565
AOI-0078,2022-08-01,0.1452772170
AOI-0078,2022-09-17,0.4263698459
AOI-0078,2022-09-20,0.4720458984
AOI-0078,2022-10-01,0.5539224744
AOI-0078,2022-10-08,0.3335983753
AOI-0078,2022-10-15,0.4567233920
AOI-0078,2023-05-12,0.8354535699
AOI-0078,2023-06-02,0.9016879797
AOI-0078,2023-07-02,0.5943413377
AOI-0078,2023-07-31,0.2152261287
AOI-0078,2023-08-03,0.1602460593
AOI-0078,2023-08-29,0.2625919580
AOI-0078,2023-09-29,0.1354276240
AOI-0078,2023-10-03,0.1267824620
AOI-0078,2024-04-04,0.4486624002
AOI-0078,2024-04-13,0.1891030520
AOI-0078,2024-04-14,0.2092130929
AOI-0078,2024-04-22,0.3419564664
AOI-0078,2024-05-04,0.4420919418
AOI-0078,2024-05-06,0.4375200272
AOI-0078,2024-05-17,0.5878552794
AOI-0078,2024-05-19,0.6317961216
AOI-0078,2024-05-29,0.6466219425
AOI-0078,2024-06-09,0.5994132757
AOI-0078,2024-06-25,0.3042808771
AOI-0078,2024-07-08,0.2840296626
AOI-0078,2024-07-13,0.2225114703
AOI-0078,2024-07-17,0.2098078132
AOI-0078,2024-07-25,0.2090090066
AOI-0078,2024-08-18,0.1880252212
AOI-0078,2024-08-26,0.1596654356
AOI-0078,2024-09-21,0.1866630912
AOI-0078,2024-10-22,0.1224766150
AOI-0078,2024-10-30,0.2370042503
