anon_polygon_id,start_date,end_date,observed_points,duration_days,min_z,interpretation,status
AOI-0005,2010-04-07,2010-10-16,23,192,-4.107440807690661,"Устойчивое отрицательное отклонение. Причина не установлена; проверить облачность, уборку, смену культуры и погоду.",candidate_for_review
AOI-0005,2012-07-11,2012-07-27,3,16,-2.8538395473946565,"Устойчивое отрицательное отклонение. Причина не установлена; проверить облачность, уборку, смену культуры и погоду.",candidate_for_review
AOI-0005,2012-08-26,2012-10-13,6,48,-3.5112292456338943,"Устойчивое отрицательное отклонение. Причина не установлена; проверить облачность, уборку, смену культуры и погоду.",candidate_for_review
AOI-0005,2013-06-10,2013-07-28,6,48,-3.057788640393956,"Устойчивое отрицательное отклонение. Причина не установлена; проверить облачность, уборку, смену культуры и погоду.",candidate_for_review
AOI-0005,2014-09-17,2014-09-30,2,13,-1.3748292832749787,"Устойчивое отрицательное отклонение. Причина не установлена; проверить облачность, уборку, смену культуры и погоду.",candidate_for_review
AOI-0005,2014-10-16,2014-10-27,2,11,-2.371712005676749,"Устойчивое отрицательное отклонение. Причина не установлена; проверить облачность, уборку, смену культуры и погоду.",candidate_for_review
AOI-0005,2015-04-05,2015-04-13,3,8,-6.714539456496053,"Устойчивое отрицательное отклонение. Причина не установлена; проверить облачность, уборку, смену культуры и погоду.",candidate_for_review
AOI-0005,2017-04-16,2017-05-09,4,23,-2.5425435588145215,"Устойчивое отрицательное отклонение. Причина не установлена; проверить облачность, уборку, смену культуры и погоду.",candidate_for_review
AOI-0005,2020-09-26,2020-10-07,3,11,-1.5807249022539527,"Устойчивое отрицательное отклонение. Причина не установлена; проверить облачность, уборку, смену культуры и погоду.",candidate_for_review
AOI-0005,2020-10-17,2020-10-27,3,10,-2.1166605774323055,"Устойчивое отрицательное отклонение. Причина не установлена; проверить облачность, уборку, смену культуры и погоду.",candidate_for_review
AOI-0005,2024-10-06,2024-10-26,4,20,-1.52105460566893,"Устойчивое отрицательное отклонение. Причина не установлена; проверить облачность, уборку, смену культуры и погоду.",candidate_for_review
AOI-0006,2010-09-06,2010-09-14,2,8,-1.178571063701031,"Устойчивое отрицательное отклонение. Причина не установлена; проверить облачность, уборку, смену культуры и погоду.",candidate_for_review
AOI-0006,2011-04-07,2011-06-06,9,60,-2.3846717620484963,"Устойчивое отрицательное отклонение. Причина не установлена; проверить облачность, уборку, смену культуры и погоду.",candidate_for_review
AOI-0006,2012-06-23,2012-07-09,3,16,-2.5125346202039696,"Устойчивое отрицательное отклонение. Причина не установлена; проверить облачность, уборку, смену культуры и погоду.",candidate_for_review
AOI-0006,2013-04-16,2013-05-09,5,23,-1.2832347028316602,"Устойчивое отрицательное отклонение. Причина не установлена; проверить облачность, уборку, смену культуры и погоду.",candidate_for_review
AOI-0006,2014-06-10,2014-07-28,7,48,-4.316638520312778,"Устойчивое отрицательное отклонение. Причина не установлена; проверить облачность, уборку, смену культуры и погоду.",candidate_for_review
AOI-0006,2014-09-14,2014-09-30,3,16,-1.4063186033956763,"Устойчивое отрицательное отклонение. Причина не установлена; проверить облачность, уборку, смену культуры и погоду.",candidate_for_review
AOI-0006,2017-04-01,2017-06-05,14,65,-1.7647689020195017,"Устойчивое отрицательное отклонение. Причина не установлена; проверить облачность, уборку, смену культуры и погоду.",candidate_for_review
AOI-0006,2018-04-14,2018-06-01,11,48,-2.243556359428207,"Устойчивое отрицательное отклонение. Причина не установлена; проверить облачность, уборку, смену культуры и погоду.",candidate_for_review
AOI-0006,2019-06-15,2019-07-22,11,37,-2.7779859752354223,"Устойчивое отрицательное отклонение. Причина не установлена; проверить облачность, уборку, смену культуры и погоду.",candidate_for_review
AOI-0006,2019-09-14,2019-09-28,4,14,-1.9151875197743515,"Устойчивое отрицательное отклонение. Причина не установлена; проверить облачность, уборку, смену культуры и погоду.",candidate_for_review
AOI-0006,2020-04-02,2020-05-15,11,43,-1.4493596480706545,"Устойчивое отрицательное отклонение. Причина не установлена; проверить облачность, уборку, смену культуры и погоду.",candidate_for_review
AOI-0006,2021-06-26,2021-07-09,3,13,-1.3277994988514177,"Устойчивое отрицательное отклонение. Причина не установлена; проверить облачность, уборку, смену культуры и погоду.",candidate_for_review
AOI-0006,2022-06-26,2022-07-19,8,23,-1.6582991003731882,"Устойчивое отрицательное отклонение. Причина не установлена; проверить облачность, уборку, смену культуры и погоду.",candidate_for_review
AOI-0006,2023-05-14,2023-06-06,5,23,-2.2097890872813046,"Устойчивое отрицательное отклонение. Причина не установлена; проверить облачность, уборку, смену культуры и погоду.",candidate_for_review
AOI-0006,2024-06-13,2024-07-18,10,35,-3.273204061406963,"Устойчивое отрицательное отклонение. Причина не установлена; проверить облачность, уборку, смену культуры и погоду.",candidate_for_review
AOI-0006,2024-09-26,2024-10-15,5,19,-2.236908318834375,"Устойчивое отрицательное отклонение. Причина не установлена; проверить облачность, уборку, смену культуры и погоду.",candidate_for_review
AOI-0009,2010-06-11,2010-07-05,4,24,-3.3449345999125155,"Устойчивое отрицательное отклонение. Причина не установлена; проверить облачность, уборку, смену культуры и погоду.",candidate_for_review
AOI-0009,2010-09-23,2010-10-01,2,8,-1.1102513599392252,"Устойчивое отрицательное отклонение. Причина не установлена; проверить облачность, уборку, смену культуры и погоду.",candidate_for_review
AOI-0009,2011-04-07,2011-06-06,6,60,-2.9224482037669532,"Устойчивое отрицательное отклонение. Причина не установлена; проверить облачность, уборку, смену культуры и погоду.",candidate_for_review
AOI-0009,2013-04-16,2013-06-03,7,48,-2.8352056598905317,"Устойчивое отрицательное отклонение. Причина не установлена; проверить облачность, уборку, смену культуры и погоду.",candidate_for_review
AOI-0009,2014-07-28,2014-08-25,3,28,-1.76503769630858,"Устойчивое отрицательное отклонение. Причина не установлена; проверить облачность, уборку, смену культуры и погоду.",candidate_for_review
AOI-0009,2014-10-16,2014-10-28,2,12,-1.1147993241454022,"Устойчивое отрицательное отклонение. Причина не установлена; проверить облачность, уборку, смену культуры и погоду.",candidate_for_review
AOI-0009,2018-06-09,2018-07-02,7,23,-2.224216368240367,"Устойчивое отрицательное отклонение. Причина не установлена; проверить облачность, уборку, смену культуры и погоду.",candidate_for_review
AOI-0009,2018-07-28,2018-08-20,3,23,-1.2307686835015104,"Устойчивое отрицательное отклонение. Причина не установлена; проверить облачность, уборку, смену культуры и погоду.",candidate_for_review
AOI-0009,2019-04-06,2019-05-16,11,40,-2.2559196975711533,"Устойчивое отрицательное отклонение. Причина не установлена; проверить облачность, уборку, смену культуры и погоду.",candidate_for_review
AOI-0009,2019-06-17,2019-07-02,7,15,-1.9462047661099586,"Устойчивое отрицательное отклонение. Причина не установлена; проверить облачность, уборку, смену культуры и погоду.",candidate_for_review
AOI-0009,2020-06-24,2020-07-09,6,15,-1.5233799281863847,"Устойчивое отрицательное отклонение. Причина не установлена; проверить облачность, уборку, смену культуры и погоду.",candidate_for_review
AOI-0009,2020-09-19,2020-09-27,5,8,-3.0148497459540766,"Устойчивое отрицательное отклонение. Причина не установлена; проверить облачность, уборку, смену культуры и погоду.",candidate_for_review
AOI-0009,2024-04-01,2024-06-03,14,63,-3.8635679597144486,"Устойчивое отрицательное отклонение. Причина не установлена; проверить облачность, уборку, смену культуры и погоду.",candidate_for_review
AOI-0012,2011-04-07,2011-04-19,2,12,-1.3222839444953078,"Устойчивое отрицательное отклонение. Причина не установлена; проверить облачность, уборку, смену культуры и погоду.",candidate_for_review
AOI-0012,2012-04-06,2012-05-24,5,48,-2.6152860829669966,"Устойчивое отрицательное отклонение. Причина не установлена; проверить облачность, уборку, смену культуры и погоду.",candidate_for_review
AOI-0012,2015-04-06,2015-06-17,10,72,-3.1174194515317777,"Устойчивое отрицательное отклонение. Причина не установлена; проверить облачность, уборку, смену культуры и погоду.",candidate_for_review
AOI-0012,2018-07-28,2018-08-20,3,23,-1.7532069698276573,"Устойчивое отрицательное отклонение. Причина не установлена; проверить облачность, уборку, смену культуры и погоду.",candidate_for_review
AOI-0012,2018-08-29,2018-09-14,3,16,-2.2135983560029673,"Устойчивое отрицательное отклонение. Причина не установлена; проверить облачность, уборку, смену культуры и погоду.",candidate_for_review
AOI-0012,2019-06-20,2019-07-07,9,17,-3.798882781600408,"Устойчивое отрицательное отклонение. Причина не установлена; проверить облачность, уборку, смену культуры и погоду.",candidate_for_review
AOI-0012,2020-09-27,2020-10-15,6,18,-2.315028129991391,"Устойчивое отрицательное отклонение. Причина не установлена; проверить облачность, уборку, смену культуры и погоду.",candidate_for_review
AOI-0012,2021-04-02,2021-04-22,4,20,-3.9527182183448315,"Устойчивое отрицательное отклонение. Причина не установлена; проверить облачность, уборку, смену культуры и погоду.",candidate_for_review
AOI-0012,2021-04-30,2021-05-20,8,20,-5.67525537387989,"Устойчивое отрицательное отклонение. Причина не установлена; проверить облачность, уборку, смену культуры и погоду.",candidate_for_review
AOI-0012,2021-06-11,2021-06-21,4,10,-2.168344519542244,"Устойчивое отрицательное отклонение. Причина не установлена; проверить облачность, уборку, смену культуры и погоду.",candidate_for_review
AOI-0012,2022-07-09,2022-07-17,4,8,-1.8835241039585227,"Устойчивое отрицательное отклонение. Причина не установлена; проверить облачность, уборку, смену культуры и погоду.",candidate_for_review
AOI-0012,2023-08-08,2023-08-18,3,10,-1.2552179887879313,"Устойчивое отрицательное отклонение. Причина не установлена; проверить облачность, уборку, смену культуры и погоду.",candidate_for_review
AOI-0012,2024-06-23,2024-07-19,11,26,-2.363602137657252,"Устойчивое отрицательное отклонение. Причина не установлена; проверить облачность, уборку, смену культуры и погоду.",candidate_for_review
AOI-0016,2017-05-12,2017-05-21,2,9,-1.5032669880939955,"Устойчивое отрицательное отклонение. Причина не установлена; проверить облачность, уборку, смену культуры и погоду.",candidate_for_review
AOI-0016,2018-04-05,2018-04-30,6,25,-1.5449464613840294,"Устойчивое отрицательное отклонение. Причина не установлена; проверить облачность, уборку, смену культуры и погоду.",candidate_for_review
AOI-0016,2018-05-09,2018-06-10,8,32,-2.319904813644688,"Устойчивое отрицательное отклонение. Причина не установлена; проверить облачность, уборку, смену культуры и погоду.",candidate_for_review
AOI-0016,2018-09-20,2018-09-30,4,10,-1.4728574724794072,"Устойчивое отрицательное отклонение. Причина не установлена; проверить облачность, уборку, смену культуры и погоду.",candidate_for_review
AOI-0016,2018-10-16,2018-10-30,2,14,-1.5043118135411044,"Устойчивое отрицательное отклонение. Причина не установлена; проверить облачность, уборку, смену культуры и погоду.",candidate_for_review
AOI-0016,2021-06-26,2021-09-05,29,71,-3.657191629633286,"Устойчивое отрицательное отклонение. Причина не установлена; проверить облачность, уборку, смену культуры и погоду.",candidate_for_review
AOI-0016,2023-06-21,2023-07-06,9,15,-2.388405988338356,"Устойчивое отрицательное отклонение. Причина не установлена; проверить облачность, уборку, смену культуры и погоду.",candidate_for_review
AOI-0016,2023-07-14,2023-07-25,4,11,-2.461282920280913,"Устойчивое отрицательное отклонение. Причина не установлена; проверить облачность, уборку, смену культуры и погоду.",candidate_for_review
AOI-0016,2023-07-31,2023-09-11,16,42,-1.8588910836432684,"Устойчивое отрицательное отклонение. Причина не установлена; проверить облачность, уборку, смену культуры и погоду.",candidate_for_review
AOI-0016,2024-06-08,2024-08-12,26,65,-2.9458377232915613,"Устойчивое отрицательное отклонение. Причина не установлена; проверить облачность, уборку, смену культуры и погоду.",candidate_for_review
AOI-0016,2024-08-24,2024-09-01,5,8,-1.6847940239226535,"Устойчивое отрицательное отклонение. Причина не установлена; проверить облачность, уборку, смену культуры и погоду.",candidate_for_review
AOI-0018,2011-04-02,2011-05-09,7,37,-3.5108102858815897,"Устойчивое отрицательное отклонение. Причина не установлена; проверить облачность, уборку, смену культуры и погоду.",candidate_for_review
AOI-0018,2018-08-04,2018-09-04,6,31,-1.4037836923298546,"Устойчивое отрицательное отклонение. Причина не установлена; проверить облачность, уборку, смену культуры и погоду.",candidate_for_review
AOI-0018,2019-05-11,2019-06-28,17,48,-5.276833627597701,"Устойчивое отрицательное отклонение. Причина не установлена; проверить облачность, уборку, смену культуры и погоду.",candidate_for_review
AOI-0018,2020-06-24,2020-08-24,30,61,-3.101220084146737,"Устойчивое отрицательное отклонение. Причина не установлена; проверить облачность, уборку, смену культуры и погоду.",candidate_for_review
AOI-0018,2020-08-28,2020-09-07,4,10,-1.9331012128100307,"Устойчивое отрицательное отклонение. Причина не установлена; проверить облачность, уборку, смену культуры и погоду.",candidate_for_review
AOI-0018,2021-07-02,2021-08-13,17,42,-2.426332309375091,"Устойчивое отрицательное отклонение. Причина не установлена; проверить облачность, уборку, смену культуры и погоду.",candidate_for_review
AOI-0018,2022-04-07,2022-05-10,8,33,-1.949790857003736,"Устойчивое отрицательное отклонение. Причина не установлена; проверить облачность, уборку, смену культуры и погоду.",candidate_for_review
AOI-0018,2022-05-26,2022-06-06,5,11,-3.6993328619593724,"Устойчивое отрицательное отклонение. Причина не установлена; проверить облачность, уборку, смену культуры и погоду.",candidate_for_review
AOI-0018,2023-06-22,2023-08-28,27,67,-1.8315479808587476,"Устойчивое отрицательное отклонение. Причина не установлена; проверить облачность, уборку, смену культуры и погоду.",candidate_for_review
AOI-0018,2023-09-02,2023-09-14,5,12,-1.6679917257953965,"Устойчивое отрицательное отклонение. Причина не установлена; проверить облачность, уборку, смену культуры и погоду.",candidate_for_review
AOI-0018,2024-04-04,2024-05-06,10,32,-2.0226170162810155,"Устойчивое отрицательное отклонение. Причина не установлена; проверить облачность, уборку, смену культуры и погоду.",candidate_for_review
AOI-0018,2024-05-09,2024-05-23,3,14,-1.6029408197121784,"Устойчивое отрицательное отклонение. Причина не установлена; проверить облачность, уборку, смену культуры и погоду.",candidate_for_review
AOI-0024,2010-04-07,2010-06-11,12,65,-3.003482416361516,"Устойчивое отрицательное отклонение. Причина не установлена; проверить облачность, уборку, смену культуры и погоду.",candidate_for_review
AOI-0024,2011-04-02,2011-04-26,6,24,-1.8937572213458451,"Устойчивое отрицательное отклонение. Причина не установлена; проверить облачность, уборку, смену культуры и погоду.",candidate_for_review
AOI-0024,2011-06-05,2011-06-29,6,24,-2.926144545751491,"Устойчивое отрицательное отклонение. Причина не установлена; проверить облачность, уборку, смену культуры и погоду.",candidate_for_review
AOI-0024,2013-04-23,2013-06-10,8,48,-1.4214685215710803,"Устойчивое отрицательное отклонение. Причина не установлена; проверить облачность, уборку, смену культуры и погоду.",candidate_for_review
AOI-0024,2014-06-22,2014-06-30,4,8,-2.019172709015661,"Устойчивое отрицательное отклонение. Причина не установлена; проверить облачность, уборку, смену культуры и погоду.",candidate_for_review
AOI-0024,2014-07-28,2014-08-13,5,16,-1.5711746104832827,"Устойчивое отрицательное отклонение. Причина не установлена; проверить облачность, уборку, смену культуры и погоду.",candidate_for_review
AOI-0024,2014-08-24,2014-10-03,9,40,-1.8176464432035162,"Устойчивое отрицательное отклонение. Причина не установлена; проверить облачность, уборку, смену культуры и погоду.",candidate_for_review
AOI-0024,2016-05-09,2016-05-18,3,9,-1.342634167605836,"Устойчивое отрицательное отклонение. Причина не установлена; проверить облачность, уборку, смену культуры и погоду.",candidate_for_review
AOI-0024,2016-05-25,2016-06-03,2,9,-1.3674798569349582,"Устойчивое отрицательное отклонение. Причина не установлена; проверить облачность, уборку, смену культуры и погоду.",candidate_for_review
AOI-0024,2018-08-13,2018-09-12,7,30,-1.5325274357164842,"Устойчивое отрицательное отклонение. Причина не установлена; проверить облачность, уборку, смену культуры и погоду.",candidate_for_review
AOI-0024,2018-09-21,2018-09-30,3,9,-1.8843055404771403,"Устойчивое отрицательное отклонение. Причина не установлена; проверить облачность, уборку, смену культуры и погоду.",candidate_for_review
AOI-0024,2020-04-07,2020-04-25,6,18,-1.6410225033035377,"Устойчивое отрицательное отклонение. Причина не установлена; проверить облачность, уборку, смену культуры и погоду.",candidate_for_review
AOI-0024,2020-05-04,2020-05-30,10,26,-2.379930048172335,"Устойчивое отрицательное отклонение. Причина не установлена; проверить облачность, уборку, смену культуры и погоду.",candidate_for_review
AOI-0024,2020-09-18,2020-09-29,7,11,-3.1136466873498976,"Устойчивое отрицательное отклонение. Причина не установлена; проверить облачность, уборку, смену культуры и погоду.",candidate_for_review
AOI-0024,2023-05-15,2023-06-07,6,23,-3.1158940278074048,"Устойчивое отрицательное отклонение. Причина не установлена; проверить облачность, уборку, смену культуры и погоду.",candidate_for_review
AOI-0024,2024-06-09,2024-07-10,12,31,-2.462674296357859,"Устойчивое отрицательное отклонение. Причина не установлена; проверить облачность, уборку, смену культуры и погоду.",candidate_for_review
AOI-0024,2024-07-26,2024-08-03,2,8,-1.1281855223321238,"Устойчивое отрицательное отклонение. Причина не установлена; проверить облачность, уборку, смену культуры и погоду.",candidate_for_review
AOI-0024,2024-08-20,2024-09-16,13,27,-2.3396750200067173,"Устойчивое отрицательное отклонение. Причина не установлена; проверить облачность, уборку, смену культуры и погоду.",candidate_for_review
AOI-0024,2024-09-20,2024-09-29,4,9,-1.449790184678214,"Устойчивое отрицательное отклонение. Причина не установлена; проверить облачность, уборку, смену культуры и погоду.",candidate_for_review
AOI-0024,2024-10-06,2024-10-15,3,9,-1.428806119721053,"Устойчивое отрицательное отклонение. Причина не установлена; проверить облачность, уборку, смену культуры и погоду.",candidate_for_review
AOI-0025,2010-04-15,2010-05-01,3,16,-1.4130477882572532,"Устойчивое отрицательное отклонение. Причина не установлена; проверить облачность, уборку, смену культуры и погоду.",candidate_for_review
AOI-0025,2011-04-18,2011-05-09,4,21,-2.0808308150826917,"Устойчивое отрицательное отклонение. Причина не установлена; проверить облачность, уборку, смену культуры и погоду.",candidate_for_review
AOI-0025,2011-05-28,2011-06-05,2,8,-1.57280328512815,"Устойчивое отрицательное отклонение. Причина не установлена; проверить облачность, уборку, смену культуры и погоду.",candidate_for_review
AOI-0025,2015-04-07,2015-05-23,5,46,-1.7723538791027362,"Устойчивое отрицательное отклонение. Причина не установлена; проверить облачность, уборку, смену культуры и погоду.",candidate_for_review
AOI-0025,2015-06-08,2015-06-26,4,18,-1.6863771025960854,"Устойчивое отрицательное отклонение. Причина не установлена; проверить облачность, уборку, смену культуры и погоду.",candidate_for_review
AOI-0025,2015-09-30,2015-10-16,2,16,-1.2968906001578315,"Устойчивое отрицательное отклонение. Причина не установлена; проверить облачность, уборку, смену культуры и погоду.",candidate_for_review
AOI-0025,2017-04-16,2017-05-01,3,15,-1.4345715248569062,"Устойчивое отрицательное отклонение. Причина не установлена; проверить облачность, уборку, смену культуры и погоду.",candidate_for_review
AOI-0025,2017-05-12,2017-06-05,3,24,-1.6549626922921647,"Устойчивое отрицательное отклонение. Причина не установлена; проверить облачность, уборку, смену культуры и погоду.",candidate_for_review
AOI-0025,2019-04-01,2019-07-05,21,95,-3.478969990890549,"Устойчивое отрицательное отклонение. Причина не установлена; проверить облачность, уборку, смену культуры и погоду.",candidate_for_review
AOI-0025,2021-04-07,2021-04-15,2,8,-1.3564934354033695,"Устойчивое отрицательное отклонение. Причина не установлена; проверить облачность, уборку, смену культуры и погоду.",candidate_for_review
AOI-0025,2023-05-05,2023-05-25,4,20,-1.5394734384521094,"Устойчивое отрицательное отклонение. Причина не установлена; проверить облачность, уборку, смену культуры и погоду.",candidate_for_review
AOI-0025,2024-09-29,2024-10-15,4,16,-1.556515970980401,"Устойчивое отрицательное отклонение. Причина не установлена; проверить облачность, уборку, смену культуры и погоду.",candidate_for_review
AOI-0029,2014-04-07,2014-04-18,2,11,-1.1036864667414867,"Устойчивое отрицательное отклонение. Причина не установлена; проверить облачность, уборку, смену культуры и погоду.",candidate_for_review
AOI-0029,2014-05-04,2014-06-29,8,56,-2.0754982071670085,"Устойчивое отрицательное отклонение. Причина не установлена; проверить облачность, уборку, смену культуры и погоду.",candidate_for_review
AOI-0029,2015-09-30,2015-10-16,3,16,-1.4086059748253137,"Устойчивое отрицательное отклонение. Причина не установлена; проверить облачность, уборку, смену культуры и погоду.",candidate_for_review
AOI-0029,2016-04-06,2016-05-08,4,32,-1.4164150155021393,"Устойчивое отрицательное отклонение. Причина не установлена; проверить облачность, уборку, смену культуры и погоду.",candidate_for_review
AOI-0029,2017-09-25,2017-10-11,2,16,-1.1211974431384104,"Устойчивое отрицательное отклонение. Причина не установлена; проверить облачность, уборку, смену культуры и погоду.",candidate_for_review
AOI-0029,2018-04-29,2018-07-02,13,64,-2.293037518072753,"Устойчивое отрицательное отклонение. Причина не установлена; проверить облачность, уборку, смену культуры и погоду.",candidate_for_review
AOI-0029,2019-09-15,2019-09-28,3,13,-2.279178684211985,"Устойчивое отрицательное отклонение. Причина не установлена; проверить облачность, уборку, смену культуры и погоду.",candidate_for_review
AOI-0029,2022-04-25,2022-05-20,5,25,-1.5052639503402583,"Устойчивое отрицательное отклонение. Причина не установлена; проверить облачность, уборку, смену культуры и погоду.",candidate_for_review
AOI-0029,2022-05-26,2022-06-03,4,8,-1.3935815859067582,"Устойчивое отрицательное отклонение. Причина не установлена; проверить облачность, уборку, смену культуры и погоду.",candidate_for_review
AOI-0029,2024-05-04,2024-07-02,13,59,-2.6196699060612785,"Устойчивое отрицательное отклонение. Причина не установлена; проверить облачность, уборку, смену культуры и погоду.",candidate_for_review
AOI-0029,2024-10-06,2024-10-15,3,9,-1.7352520786820078,"Устойчивое отрицательное отклонение. Причина не установлена; проверить облачность, уборку, смену культуры и погоду.",candidate_for_review
AOI-0034,2014-07-17,2014-07-26,2,9,-1.3137707274743162,"Устойчивое отрицательное отклонение. Причина не установлена; проверить облачность, уборку, смену культуры и погоду.",candidate_for_review
AOI-0034,2015-04-07,2015-06-18,11,72,-1.5179592272036955,"Устойчивое отрицательное отклонение. Причина не установлена; проверить облачность, уборку, смену культуры и погоду.",candidate_for_review
AOI-0034,2017-04-07,2017-04-18,5,11,-1.147388770410385,"Устойчивое отрицательное отклонение. Причина не установлена; проверить облачность, уборку, смену культуры и погоду.",candidate_for_review
AOI-0034,2017-04-28,2017-05-06,3,8,-1.28577769459577,"Устойчивое отрицательное отклонение. Причина не установлена; проверить облачность, уборку, смену культуры и погоду.",candidate_for_review
AOI-0034,2017-05-25,2017-06-08,3,14,-1.2391430970541626,"Устойчивое отрицательное отклонение. Причина не установлена; проверить облачность, уборку, смену культуры и погоду.",candidate_for_review
AOI-0034,2018-07-02,2018-07-12,2,10,-1.2915113228685569,"Устойчивое отрицательное отклонение. Причина не установлена; проверить облачность, уборку, смену культуры и погоду.",candidate_for_review
AOI-0034,2019-04-19,2019-06-02,15,44,-1.412653986660319,"Устойчивое отрицательное отклонение. Причина не установлена; проверить облачность, уборку, смену культуры и погоду.",candidate_for_review
AOI-0034,2021-04-04,2021-06-08,17,65,-1.6697391313105445,"Устойчивое отрицательное отклонение. Причина не установлена; проверить облачность, уборку, смену культуры и погоду.",candidate_for_review
AOI-0034,2023-04-12,2023-06-16,18,65,-1.3248735733610038,"Устойчивое отрицательное отклонение. Причина не установлена; проверить облачность, уборку, смену культуры и погоду.",candidate_for_review
AOI-0036,2010-04-07,2010-05-12,7,35,-2.683376284396224,"Устойчивое отрицательное отклонение. Причина не установлена; проверить облачность, уборку, смену культуры и погоду.",candidate_for_review
AOI-0036,2012-05-24,2012-07-04,4,41,-2.8250855293047907,"Устойчивое отрицательное отклонение. Причина не установлена; проверить облачность, уборку, смену культуры и погоду.",candidate_for_review
AOI-0036,2014-05-22,2014-05-31,4,9,-2.0118303260740014,"Устойчивое отрицательное отклонение. Причина не установлена; проверить облачность, уборку, смену культуры и погоду.",candidate_for_review
AOI-0036,2016-04-01,2016-05-24,12,53,-2.688686535568576,"Устойчивое отрицательное отклонение. Причина не установлена; проверить облачность, уборку, смену культуры и погоду.",candidate_for_review
AOI-0036,2019-06-10,2019-06-26,6,16,-2.0706025236348258,"Устойчивое отрицательное отклонение. Причина не установлена; проверить облачность, уборку, смену культуры и погоду.",candidate_for_review
AOI-0036,2019-07-02,2019-07-15,6,13,-1.880943161053119,"Устойчивое отрицательное отклонение. Причина не установлена; проверить облачность, уборку, смену культуры и погоду.",candidate_for_review
AOI-0036,2020-07-26,2020-08-22,13,27,-1.4825568018574702,"Устойчивое отрицательное отклонение. Причина не установлена; проверить облачность, уборку, смену культуры и погоду.",candidate_for_review
AOI-0036,2021-04-04,2021-05-02,10,28,-6.697803984644737,"Устойчивое отрицательное отклонение. Причина не установлена; проверить облачность, уборку, смену культуры и погоду.",candidate_for_review
AOI-0036,2022-08-29,2022-09-08,4,10,-1.3817746111852023,"Устойчивое отрицательное отклонение. Причина не установлена; проверить облачность, уборку, смену культуры и погоду.",candidate_for_review
AOI-0036,2024-06-09,2024-06-25,7,16,-2.009478904774268,"Устойчивое отрицательное отклонение. Причина не установлена; проверить облачность, уборку, смену культуры и погоду.",candidate_for_review
AOI-0036,2024-07-11,2024-07-20,6,9,-1.3069185120103524,"Устойчивое отрицательное отклонение. Причина не установлена; проверить облачность, уборку, смену культуры и погоду.",candidate_for_review
AOI-0036,2024-07-30,2024-08-12,5,13,-1.7510321468648515,"Устойчивое отрицательное отклонение. Причина не установлена; проверить облачность, уборку, смену культуры и погоду.",candidate_for_review
AOI-0036,2024-10-10,2024-10-23,4,13,-1.3921625328696141,"Устойчивое отрицательное отклонение. Причина не установлена; проверить облачность, уборку, смену культуры и погоду.",candidate_for_review
AOI-0039,2012-05-08,2012-06-25,5,48,-2.0974756806297905,"Устойчивое отрицательное отклонение. Причина не установлена; проверить облачность, уборку, смену культуры и погоду.",candidate_for_review
AOI-0039,2012-07-27,2012-08-12,2,16,-4.81324135471031,"Устойчивое отрицательное отклонение. Причина не установлена; проверить облачность, уборку, смену культуры и погоду.",candidate_for_review
AOI-0039,2013-06-12,2013-06-28,2,16,-1.7096099355718344,"Устойчивое отрицательное отклонение. Причина не установлена; проверить облачность, уборку, смену культуры и погоду.",candidate_for_review
AOI-0039,2014-06-10,2014-06-26,2,16,-1.3344065380308257,"Устойчивое отрицательное отклонение. Причина не установлена; проверить облачность, уборку, смену культуры и погоду.",candidate_for_review
AOI-0039,2014-10-14,2014-10-30,4,16,-2.3694486732520215,"Устойчивое отрицательное отклонение. Причина не установлена; проверить облачность, уборку, смену культуры и погоду.",candidate_for_review
AOI-0039,2015-04-07,2015-04-23,4,16,-2.8946241866408418,"Устойчивое отрицательное отклонение. Причина не установлена; проверить облачность, уборку, смену культуры и погоду.",candidate_for_review
AOI-0039,2019-06-27,2019-07-15,7,18,-3.5900262521791926,"Устойчивое отрицательное отклонение. Причина не установлена; проверить облачность, уборку, смену культуры и погоду.",candidate_for_review
AOI-0039,2020-04-09,2020-05-04,7,25,-4.852827032316193,"Устойчивое отрицательное отклонение. Причина не установлена; проверить облачность, уборку, смену культуры и погоду.",candidate_for_review
AOI-0039,2020-07-27,2020-08-15,8,19,-6.2827929578812025,"Устойчивое отрицательное отклонение. Причина не установлена; проверить облачность, уборку, смену культуры и погоду.",candidate_for_review
AOI-0039,2020-09-21,2020-10-21,13,30,-2.214897587974235,"Устойчивое отрицательное отклонение. Причина не установлена; проверить облачность, уборку, смену культуры и погоду.",candidate_for_review
AOI-0039,2021-04-22,2021-05-01,3,9,-1.8965411629890694,"Устойчивое отрицательное отклонение. Причина не установлена; проверить облачность, уборку, смену культуры и погоду.",candidate_for_review
AOI-0039,2023-09-01,2023-09-14,3,13,-2.5281528010224914,"Устойчивое отрицательное отклонение. Причина не установлена; проверить облачность, уборку, смену культуры и погоду.",candidate_for_review
AOI-0039,2024-08-14,2024-08-30,7,16,-2.3181202245604005,"Устойчивое отрицательное отклонение. Причина не установлена; проверить облачность, уборку, смену культуры и погоду.",candidate_for_review
AOI-0039,2024-09-08,2024-10-25,15,47,-3.2839452377628144,"Устойчивое отрицательное отклонение. Причина не установлена; проверить облачность, уборку, смену культуры и погоду.",candidate_for_review
AOI-0042,2010-05-25,2010-06-21,6,27,-1.4243531812712653,"Устойчивое отрицательное отклонение. Причина не установлена; проверить облачность, уборку, смену культуры и погоду.",candidate_for_review
AOI-0042,2010-07-31,2010-08-08,3,8,-1.5625085365909435,"Устойчивое отрицательное отклонение. Причина не установлена; проверить облачность, уборку, смену культуры и погоду.",candidate_for_review
AOI-0042,2010-08-16,2010-08-24,3,8,-1.707809480132628,"Устойчивое отрицательное отклонение. Причина не установлена; проверить облачность, уборку, смену культуры и погоду.",candidate_for_review
AOI-0042,2017-05-22,2017-05-31,3,9,-1.4633244569290182,"Устойчивое отрицательное отклонение. Причина не установлена; проверить облачность, уборку, смену культуры и погоду.",candidate_for_review
AOI-0042,2019-05-20,2019-06-10,11,21,-1.7341288642257788,"Устойчивое отрицательное отклонение. Причина не установлена; проверить облачность, уборку, смену культуры и погоду.",candidate_for_review
AOI-0042,2019-06-13,2019-06-26,4,13,-1.561320867716735,"Устойчивое отрицательное отклонение. Причина не установлена; проверить облачность, уборку, смену культуры и погоду.",candidate_for_review
AOI-0042,2019-07-02,2019-07-17,8,15,-2.331810596573814,"Устойчивое отрицательное отклонение. Причина не установлена; проверить облачность, уборку, смену культуры и погоду.",candidate_for_review
AOI-0042,2020-09-24,2020-10-19,11,25,-2.112972484257901,"Устойчивое отрицательное отклонение. Причина не установлена; проверить облачность, уборку, смену культуры и погоду.",candidate_for_review
AOI-0042,2021-04-08,2021-04-29,4,21,-1.5298471594517018,"Устойчивое отрицательное отклонение. Причина не установлена; проверить облачность, уборку, смену культуры и погоду.",candidate_for_review
AOI-0042,2021-05-02,2021-05-22,5,20,-1.2306180729550569,"Устойчивое отрицательное отклонение. Причина не установлена; проверить облачность, уборку, смену культуры и погоду.",candidate_for_review
AOI-0042,2021-05-29,2021-06-08,3,10,-1.2554671847837298,"Устойчивое отрицательное отклонение. Причина не установлена; проверить облачность, уборку, смену культуры и погоду.",candidate_for_review
AOI-0042,2021-06-26,2021-07-04,5,8,-1.3712654010795557,"Устойчивое отрицательное отклонение. Причина не установлена; проверить облачность, уборку, смену культуры и погоду.",candidate_for_review
AOI-0042,2022-10-01,2022-10-17,4,16,-1.3973359494442303,"Устойчивое отрицательное отклонение. Причина не установлена; проверить облачность, уборку, смену культуры и погоду.",candidate_for_review
AOI-0042,2024-09-29,2024-10-25,4,26,-1.331976094772283,"Устойчивое отрицательное отклонение. Причина не установлена; проверить облачность, уборку, смену культуры и погоду.",candidate_for_review
AOI-0047,2010-04-07,2010-05-18,4,41,-1.1863371806044374,"Устойчивое отрицательное отклонение. Причина не установлена; проверить облачность, уборку, смену культуры и погоду.",candidate_for_review
AOI-0047,2011-09-02,2011-09-10,2,8,-1.3038037696092544,"Устойчивое отрицательное отклонение. Причина не установлена; проверить облачность, уборку, смену культуры и погоду.",candidate_for_review
AOI-0047,2013-05-09,2013-06-19,4,41,-1.77291102686513,"Устойчивое отрицательное отклонение. Причина не установлена; проверить облачность, уборку, смену культуры и погоду.",candidate_for_review
AOI-0047,2018-04-07,2018-04-28,5,21,-1.243737017548344,"Устойчивое отрицательное отклонение. Причина не установлена; проверить облачность, уборку, смену культуры и погоду.",candidate_for_review
AOI-0047,2018-05-01,2018-06-07,8,37,-1.4733744337736008,"Устойчивое отрицательное отклонение. Причина не установлена; проверить облачность, уборку, смену культуры и погоду.",candidate_for_review
AOI-0047,2020-05-02,2020-05-29,10,27,-1.294805901247222,"Устойчивое отрицательное отклонение. Причина не установлена; проверить облачность, уборку, смену культуры и погоду.",candidate_for_review
AOI-0047,2020-06-09,2020-07-27,20,48,-3.249768878245548,"Устойчивое отрицательное отклонение. Причина не установлена; проверить облачность, уборку, смену культуры и погоду.",candidate_for_review
AOI-0047,2022-05-25,2022-07-09,16,45,-1.6770302678797957,"Устойчивое отрицательное отклонение. Причина не установлена; проверить облачность, уборку, смену культуры и погоду.",candidate_for_review
AOI-0047,2024-05-09,2024-06-05,6,27,-1.2432085161455417,"Устойчивое отрицательное отклонение. Причина не установлена; проверить облачность, уборку, смену культуры и погоду.",candidate_for_review
AOI-0049,2010-04-07,2010-04-15,2,8,-1.1928168583837584,"Устойчивое отрицательное отклонение. Причина не установлена; проверить облачность, уборку, смену культуры и погоду.",candidate_for_review
AOI-0049,2010-04-30,2010-06-10,6,41,-1.9862434395961992,"Устойчивое отрицательное отклонение. Причина не установлена; проверить облачность, уборку, смену культуры и погоду.",candidate_for_review
AOI-0049,2010-08-29,2010-09-14,3,16,-1.501688186299848,"Устойчивое отрицательное отклонение. Причина не установлена; проверить облачность, уборку, смену культуры и погоду.",candidate_for_review
AOI-0049,2011-07-07,2011-07-15,3,8,-1.1927848264329481,"Устойчивое отрицательное отклонение. Причина не установлена; проверить облачность, уборку, смену культуры и погоду.",candidate_for_review
AOI-0049,2011-08-16,2011-08-24,3,8,-1.2202970471813597,"Устойчивое отрицательное отклонение. Причина не установлена; проверить облачность, уборку, смену культуры и погоду.",candidate_for_review
AOI-0049,2012-04-04,2012-04-22,3,18,-1.4750375829127307,"Устойчивое отрицательное отклонение. Причина не установлена; проверить облачность, уборку, смену культуры и погоду.",candidate_for_review
AOI-0049,2013-04-07,2013-05-09,7,32,-1.5173382972722964,"Устойчивое отрицательное отклонение. Причина не установлена; проверить облачность, уборку, смену культуры и погоду.",candidate_for_review
AOI-0049,2013-06-01,2013-06-10,2,9,-1.7941045487057443,"Устойчивое отрицательное отклонение. Причина не установлена; проверить облачность, уборку, смену культуры и погоду.",candidate_for_review
AOI-0049,2014-06-10,2014-07-23,8,43,-2.539244435730215,"Устойчивое отрицательное отклонение. Причина не установлена; проверить облачность, уборку, смену культуры и погоду.",candidate_for_review
AOI-0049,2014-08-13,2014-08-23,4,10,-1.4731523782496472,"Устойчивое отрицательное отклонение. Причина не установлена; проверить облачность, уборку, смену культуры и погоду.",candidate_for_review
AOI-0049,2015-04-07,2015-05-23,6,46,-1.633824539744397,"Устойчивое отрицательное отклонение. Причина не установлена; проверить облачность, уборку, смену культуры и погоду.",candidate_for_review
AOI-0049,2015-09-11,2015-09-27,5,16,-1.9211004416110196,"Устойчивое отрицательное отклонение. Причина не установлена; проверить облачность, уборку, смену культуры и погоду.",candidate_for_review
AOI-0049,2015-10-06,2015-10-29,4,23,-1.26589480994857,"Устойчивое отрицательное отклонение. Причина не установлена; проверить облачность, уборку, смену культуры и погоду.",candidate_for_review
AOI-0049,2016-07-04,2016-07-27,4,23,-1.3578286458311875,"Устойчивое отрицательное отклонение. Причина не установлена; проверить облачность, уборку, смену культуры и погоду.",candidate_for_review
AOI-0049,2018-06-08,2018-09-20,24,104,-3.54407531140269,"Устойчивое отрицательное отклонение. Причина не установлена; проверить облачность, уборку, смену культуры и погоду.",candidate_for_review
AOI-0049,2019-04-26,2019-05-06,2,10,-1.1045665390586432,"Устойчивое отрицательное отклонение. Причина не установлена; проверить облачность, уборку, смену культуры и погоду.",candidate_for_review
AOI-0049,2020-06-24,2020-09-01,23,69,-1.6360707910370371,"Устойчивое отрицательное отклонение. Причина не установлена; проверить облачность, уборку, смену культуры и погоду.",candidate_for_review
AOI-0049,2020-09-29,2020-10-17,5,18,-3.2174394164465108,"Устойчивое отрицательное отклонение. Причина не установлена; проверить облачность, уборку, смену культуры и погоду.",candidate_for_review
AOI-0049,2021-04-07,2021-04-15,2,8,-1.529421271092174,"Устойчивое отрицательное отклонение. Причина не установлена; проверить облачность, уборку, смену культуры и погоду.",candidate_for_review
AOI-0049,2021-05-14,2021-05-31,5,17,-1.4178498629736336,"Устойчивое отрицательное отклонение. Причина не установлена; проверить облачность, уборку, смену культуры и погоду.",candidate_for_review
AOI-0049,2022-06-26,2022-08-14,20,49,-1.5320539392729868,"Устойчивое отрицательное отклонение. Причина не установлена; проверить облачность, уборку, смену культуры и погоду.",candidate_for_review
AOI-0049,2023-07-16,2023-07-24,3,8,-1.2980237617273538,"Устойчивое отрицательное отклонение. Причина не установлена; проверить облачность, уборку, смену культуры и погоду.",candidate_for_review
AOI-0054,2010-04-06,2010-04-30,5,24,-2.2156483445738453,"Устойчивое отрицательное отклонение. Причина не установлена; проверить облачность, уборку, смену культуры и погоду.",candidate_for_review
AOI-0054,2010-09-05,2010-09-14,2,9,-1.8734634664759495,"Устойчивое отрицательное отклонение. Причина не установлена; проверить облачность, уборку, смену культуры и погоду.",candidate_for_review
AOI-0054,2011-04-02,2011-04-26,4,24,-5.0588165774915685,"Устойчивое отрицательное отклонение. Причина не установлена; проверить облачность, уборку, смену культуры и погоду.",candidate_for_review
AOI-0054,2013-06-10,2013-06-18,2,8,-3.7054389228116364,"Устойчивое отрицательное отклонение. Причина не установлена; проверить облачность, уборку, смену культуры и погоду.",candidate_for_review
AOI-0054,2014-06-29,2014-07-12,2,13,-2.51923832171486,"Устойчивое отрицательное отклонение. Причина не установлена; проверить облачность, уборку, смену культуры и погоду.",candidate_for_review
AOI-0054,2014-10-16,2014-10-27,3,11,-2.335522151530683,"Устойчивое отрицательное отклонение. Причина не установлена; проверить облачность, уборку, смену культуры и погоду.",candidate_for_review
AOI-0054,2015-10-16,2015-10-30,3,14,-1.9757975097663159,"Устойчивое отрицательное отклонение. Причина не установлена; проверить облачность, уборку, смену культуры и погоду.",candidate_for_review
AOI-0054,2017-08-13,2017-09-08,7,26,-8.175237185606175,"Устойчивое отрицательное отклонение. Причина не установлена; проверить облачность, уборку, смену культуры и погоду.",candidate_for_review
AOI-0054,2018-06-23,2018-07-01,4,8,-8.971826841738933,"Устойчивое отрицательное отклонение. Причина не установлена; проверить облачность, уборку, смену культуры и погоду.",candidate_for_review
AOI-0054,2018-07-10,2018-07-26,4,16,-4.881160714935592,"Устойчивое отрицательное отклонение. Причина не установлена; проверить облачность, уборку, смену культуры и погоду.",candidate_for_review
AOI-0054,2019-04-01,2019-04-11,3,10,-2.19021427169056,"Устойчивое отрицательное отклонение. Причина не установлена; проверить облачность, уборку, смену культуры и погоду.",candidate_for_review
AOI-0057,2010-04-06,2010-05-25,5,49,-2.2808291919418755,"Устойчивое отрицательное отклонение. Причина не установлена; проверить облачность, уборку, смену культуры и погоду.",candidate_for_review
AOI-0057,2011-08-31,2011-09-08,3,8,-1.2244869232293938,"Устойчивое отрицательное отклонение. Причина не установлена; проверить облачность, уборку, смену культуры и погоду.",candidate_for_review
AOI-0057,2012-04-04,2012-05-13,7,39,-2.194956215010632,"Устойчивое отрицательное отклонение. Причина не установлена; проверить облачность, уборку, смену культуры и погоду.",candidate_for_review
AOI-0057,2013-06-09,2013-07-04,6,25,-2.293517766571994,"Устойчивое отрицательное отклонение. Причина не установлена; проверить облачность, уборку, смену культуры и погоду.",candidate_for_review
AOI-0057,2013-08-13,2013-08-21,2,8,-1.2466972784772885,"Устойчивое отрицательное отклонение. Причина не установлена; проверить облачность, уборку, смену культуры и погоду.",candidate_for_review
AOI-0057,2015-10-16,2015-10-29,2,13,-1.1083122461508312,"Устойчивое отрицательное отклонение. Причина не установлена; проверить облачность, уборку, смену культуры и погоду.",candidate_for_review
AOI-0057,2017-04-16,2017-05-03,6,17,-1.3890281175650556,"Устойчивое отрицательное отклонение. Причина не установлена; проверить облачность, уборку, смену культуры и погоду.",candidate_for_review
AOI-0057,2017-10-11,2017-10-19,3,8,-3.7132980904195274,"Устойчивое отрицательное отклонение. Причина не установлена; проверить облачность, уборку, смену культуры и погоду.",candidate_for_review
AOI-0057,2018-06-10,2018-07-26,11,46,-1.962484597978253,"Устойчивое отрицательное отклонение. Причина не установлена; проверить облачность, уборку, смену культуры и погоду.",candidate_for_review
AOI-0057,2018-08-18,2018-08-27,2,9,-1.4839461245305632,"Устойчивое отрицательное отклонение. Причина не установлена; проверить облачность, уборку, смену культуры и погоду.",candidate_for_review
AOI-0057,2019-04-06,2019-04-23,4,17,-1.4067034734401676,"Устойчивое отрицательное отклонение. Причина не установлена; проверить облачность, уборку, смену культуры и погоду.",candidate_for_review
AOI-0057,2019-05-09,2019-05-17,3,8,-1.56293598085711,"Устойчивое отрицательное отклонение. Причина не установлена; проверить облачность, уборку, смену культуры и погоду.",candidate_for_review
AOI-0057,2020-04-02,2020-06-05,22,64,-3.218918533686576,"Устойчивое отрицательное отклонение. Причина не установлена; проверить облачность, уборку, смену культуры и погоду.",candidate_for_review
AOI-0057,2020-08-24,2020-09-01,4,8,-1.5734823257932857,"Устойчивое отрицательное отклонение. Причина не установлена; проверить облачность, уборку, смену культуры и погоду.",candidate_for_review
AOI-0057,2020-10-12,2020-10-27,5,15,-2.798971109988167,"Устойчивое отрицательное отклонение. Причина не установлена; проверить облачность, уборку, смену культуры и погоду.",candidate_for_review
AOI-0057,2022-05-30,2022-07-05,10,36,-4.4647943323389585,"Устойчивое отрицательное отклонение. Причина не установлена; проверить облачность, уборку, смену культуры и погоду.",candidate_for_review
AOI-0066,2010-04-07,2010-05-26,8,49,-3.0887514411538257,"Устойчивое отрицательное отклонение. Причина не установлена; проверить облачность, уборку, смену культуры и погоду.",candidate_for_review
AOI-0066,2011-09-18,2011-09-26,2,8,-1.4242133511925124,"Устойчивое отрицательное отклонение. Причина не установлена; проверить облачность, уборку, смену культуры и погоду.",candidate_for_review
AOI-0066,2012-06-09,2012-06-25,2,16,-1.7354915871484202,"Устойчивое отрицательное отклонение. Причина не установлена; проверить облачность, уборку, смену культуры и погоду.",candidate_for_review
AOI-0066,2012-08-03,2012-08-12,2,9,-1.3822337756500045,"Устойчивое отрицательное отклонение. Причина не установлена; проверить облачность, уборку, смену культуры и погоду.",candidate_for_review
AOI-0066,2013-04-16,2013-05-02,4,16,-1.839510333701895,"Устойчивое отрицательное отклонение. Причина не установлена; проверить облачность, уборку, смену культуры и погоду.",candidate_for_review
AOI-0066,2016-06-09,2016-06-25,2,16,-1.5950098699670134,"Устойчивое отрицательное отклонение. Причина не установлена; проверить облачность, уборку, смену культуры и погоду.",candidate_for_review
AOI-0066,2018-04-06,2018-05-16,9,40,-2.4171066306217233,"Устойчивое отрицательное отклонение. Причина не установлена; проверить облачность, уборку, смену культуры и погоду.",candidate_for_review
AOI-0066,2019-06-17,2019-06-28,5,11,-1.7735405253244794,"Устойчивое отрицательное отклонение. Причина не установлена; проверить облачность, уборку, смену культуры и погоду.",candidate_for_review
AOI-0066,2020-06-06,2020-06-16,3,10,-2.7090464254762274,"Устойчивое отрицательное отклонение. Причина не установлена; проверить облачность, уборку, смену культуры и погоду.",candidate_for_review
AOI-0066,2021-04-02,2021-05-20,16,48,-4.717211350634838,"Устойчивое отрицательное отклонение. Причина не установлена; проверить облачность, уборку, смену культуры и погоду.",candidate_for_review
AOI-0066,2021-05-27,2021-06-06,3,10,-4.87098718648486,"Устойчивое отрицательное отклонение. Причина не установлена; проверить облачность, уборку, смену культуры и погоду.",candidate_for_review
AOI-0066,2024-06-20,2024-07-11,5,21,-1.2535817655716193,"Устойчивое отрицательное отклонение. Причина не установлена; проверить облачность, уборку, смену культуры и погоду.",candidate_for_review
AOI-0072,2011-05-14,2011-05-25,2,11,-1.273843625128144,"Устойчивое отрицательное отклонение. Причина не установлена; проверить облачность, уборку, смену культуры и погоду.",candidate_for_review
AOI-0072,2012-06-25,2012-09-29,12,96,-1.8407526671324297,"Устойчивое отрицательное отклонение. Причина не установлена; проверить облачность, уборку, смену культуры и погоду.",candidate_for_review
AOI-0072,2015-06-02,2015-06-18,4,16,-1.306977644075809,"Устойчивое отрицательное отклонение. Причина не установлена; проверить облачность, уборку, смену культуры и погоду.",candidate_for_review
AOI-0072,2018-09-14,2018-10-07,3,23,-1.5910126882980267,"Устойчивое отрицательное отклонение. Причина не установлена; проверить облачность, уборку, смену культуры и погоду.",candidate_for_review
AOI-0072,2020-09-03,2020-10-12,11,39,-1.8931539766424763,"Устойчивое отрицательное отклонение. Причина не установлена; проверить облачность, уборку, смену культуры и погоду.",candidate_for_review
AOI-0072,2022-05-17,2022-05-25,2,8,-1.5082529984426134,"Устойчивое отрицательное отклонение. Причина не установлена; проверить облачность, уборку, смену культуры и погоду.",candidate_for_review
AOI-0072,2022-06-13,2022-06-26,4,13,-1.1907095671350927,"Устойчивое отрицательное отклонение. Причина не установлена; проверить облачность, уборку, смену культуры и погоду.",candidate_for_review
AOI-0078,2011-04-25,2011-05-04,4,9,-1.5427877973579265,"Устойчивое отрицательное отклонение. Причина не установлена; проверить облачность, уборку, смену культуры и погоду.",candidate_for_review
AOI-0078,2011-05-12,2011-06-05,7,24,-1.7963910169511297,"Устойчивое отрицательное отклонение. Причина не установлена; проверить облачность, уборку, смену культуры и погоду.",candidate_for_review
AOI-0078,2013-06-09,2013-07-03,5,24,-1.9425211371921896,"Устойчивое отрицательное отклонение. Причина не установлена; проверить облачность, уборку, смену культуры и погоду.",candidate_for_review
AOI-0078,2015-06-26,2015-07-25,6,29,-1.6498292774109418,"Устойчивое отрицательное отклонение. Причина не установлена; проверить облачность, уборку, смену культуры и погоду.",candidate_for_review
AOI-0078,2015-08-02,2015-08-29,7,27,-1.5381357737515045,"Устойчивое отрицательное отклонение. Причина не установлена; проверить облачность, уборку, смену культуры и погоду.",candidate_for_review
AOI-0078,2017-04-07,2017-04-23,2,16,-1.241825261935203,"Устойчивое отрицательное отклонение. Причина не установлена; проверить облачность, уборку, смену культуры и погоду.",candidate_for_review
AOI-0078,2017-05-25,2017-06-21,6,27,-3.2291721598312715,"Устойчивое отрицательное отклонение. Причина не установлена; проверить облачность, уборку, смену культуры и погоду.",candidate_for_review
AOI-0078,2018-06-23,2018-07-13,8,20,-1.7295242515131233,"Устойчивое отрицательное отклонение. Причина не установлена; проверить облачность, уборку, смену культуры и погоду.",candidate_for_review
AOI-0078,2019-04-19,2019-05-04,5,15,-1.3584246520898717,"Устойчивое отрицательное отклонение. Причина не установлена; проверить облачность, уборку, смену культуры и погоду.",candidate_for_review
AOI-0078,2020-06-25,2020-07-27,11,32,-2.0875412797763118,"Устойчивое отрицательное отклонение. Причина не установлена; проверить облачность, уборку, смену культуры и погоду.",candidate_for_review
AOI-0078,2020-09-17,2020-10-19,12,32,-1.7921822039270894,"Устойчивое отрицательное отклонение. Причина не установлена; проверить облачность, уборку, смену культуры и погоду.",candidate_for_review
AOI-0078,2021-04-13,2021-05-28,13,45,-2.0909725993833095,"Устойчивое отрицательное отклонение. Причина не установлена; проверить облачность, уборку, смену культуры и погоду.",candidate_for_review
AOI-0078,2024-06-15,2024-07-11,8,26,-2.442572271013694,"Устойчивое отрицательное отклонение. Причина не установлена; проверить облачность, уборку, смену культуры и погоду.",candidate_for_review
